"","id","pid","ae","ran","dw","nlc","nls","nwp","nwr","nwl","nme"
"1",1,16,27.7815302088891,14.0135288380548,3.11981385676844,-0.473195700169803,-1.32256027153985,-1.43170946767881,-0.831112567079838,1.73747991559996,-0.690287922954943
"2",1,9,20.905604984855,12.285046751527,2.5526088067418,0.657486240978901,0.735655051448003,0.160744407182255,1.0533714162382,-0.544623873753253,1.09914395128116
"3",1,22,30.1920572366722,11.9723374751836,3.70845424336723,-0.608666389866083,-1.32768159207732,-0.741711844822535,-0.896739600146505,0.600940791029619,0.616015927084497
"4",1,31,17.9362928843553,12.6972319125674,2.00591055825525,1.0125351599794,0.467384657327562,0.895510496912511,0.664992374660388,0.635493207175601,-2.0479452413006
"5",1,1,46.8274450028888,28.4495282862107,5.17870624252492,1.02989797489269,0.945985081860622,0.1833146488745,1.68869827139022,0.35115085887506,0.830370805951978
"6",1,28,33.781484550427,13.8141074607736,3.96913716538793,-0.611109318030341,-0.845496243168027,1.62205836990924,-0.796248205763172,-1.36638039430175,-0.34809606202985
"7",2,11,17.7849788407806,12.3884002421367,2.19266511012317,0.907076544228612,1.15882369131617,0.74269727489301,0.749311925724964,0.406549840880206,-0.233522894309392
"8",2,17,24.2053855180258,13.1327396210271,2.98360116352837,1.12632576991039,0.0954379030383987,0.64078335184059,1.36350737340401,1.23626809040076,-0.34809606202985
"9",2,37,24.1941093971429,17.3800855365876,3.09478091806641,0.42543921695151,0.794341912725694,0.538988474071532,-0.985019146047263,-0.391875387993128,-0.013343154603122
"10",2,14,25.5146063436828,17.2792383822565,3.11004968299637,-0.7615922750148,-1.10946125595527,1.58212351355622,-0.868723817469939,-1.45596023203993,-0.372538337810208
"11",2,21,37.5113646737181,21.1569579854396,4.47439834251184,1.35291985000198,0.0918790192750719,0.0335519622411262,0.452449035996883,0.354596237249606,2.92795735304794
"12",2,35,16.6307641463022,20.0148721837509,1.90744700550347,0.805714253454341,0.50818161754131,0.808912493597519,0.267810858685266,0.181668643244838,-0.842255115850246
"13",3,32,30.6843716043222,21.5198251871133,3.44635470166064,-1.82648681166057,1.34017051956843,-0.750067335648443,-1.19283808409171,-0.744020080447178,0.898460002768704
"14",3,31,13.1356240535003,10.9896156090266,1.50922553069563,1.0125351599794,0.467384657327562,0.895510496912511,0.664992374660388,0.635493207175601,-2.0479452413006
"15",3,10,10.947351104254,14.9711395557994,1.41077484586733,-1.44152206634606,-1.3176993571314,-1.13254867059235,-2.78926538088767,-0.194272804747128,0.716888811257431
"16",3,16,20.449873405087,12.0477488851039,2.48050520810834,-0.473195700169803,-1.32256027153985,-1.43170946767881,-0.831112567079838,1.73747991559996,-0.690287922954943
"17",3,39,18.6252916146056,8.27395552738571,2.13306642385772,0.639665390462215,0.508094815498301,-0.396205230857563,-0.453601759917464,0.258679605559804,0.597434080000014
"18",3,11,11.7318075852309,12.21065432574,1.41426950797371,0.907076544228612,1.15882369131617,0.74269727489301,0.749311925724964,0.406549840880206,-0.233522894309392
"19",4,9,30.3122924821042,16.2532212427625,3.55599190918801,0.657486240978901,0.735655051448003,0.160744407182255,1.0533714162382,-0.544623873753253,1.09914395128116
"20",4,35,23.3556144858015,10.3882212117334,2.79810370973586,0.805714253454341,0.50818161754131,0.808912493597519,0.267810858685266,0.181668643244838,-0.842255115850246
"21",4,14,34.9939296480926,14.8420841185135,4.03039417944748,-0.7615922750148,-1.10946125595527,1.58212351355622,-0.868723817469939,-1.45596023203993,-0.372538337810208
"22",4,34,32.2368903249651,15.4299126460619,3.71728376485149,-1.20556498228969,-0.845409441125019,0.355770342648583,0.626851633435317,-1.76141666969695,-0.454538230750789
"23",4,26,44.3267446666402,18.3558286468515,5.06154160326156,-1.72140824515106,1.38963553179695,-1.68397386345119,0.167583588251301,-1.32118513680035,0.0957242087188674
"24",4,0,31.3380534632294,16.1336492872789,3.85073257757654,-1.14450574268334,-1.33488616164698,1.11360889636026,-1.06963203006267,-1.64285511974935,-1.61465035246688
"25",5,26,30.7356783981277,14.1475041456389,3.7210132334196,-1.72140824515106,1.38963553179695,-1.68397386345119,0.167583588251301,-1.32118513680035,0.0957242087188674
"26",5,4,25.569195040781,16.3187376376604,3.41151435823666,-1.31075633899234,1.87165074870195,-0.611498625816118,-1.1566686397311,-0.842895684152766,0.160460966303524
"27",5,35,14.1096521079173,12.6607035223662,1.5482150575035,0.805714253454341,0.50818161754131,0.808912493597519,0.267810858685266,0.181668643244838,-0.842255115850246
"28",5,7,45.9710136348012,17.8723693966564,5.07776027493818,1.3161145838523,0.155157708627884,0.225962621638615,0.956161994976313,0.129616407213712,0.262960832479243
"29",5,2,29.1945304803061,16.0566979232382,3.50696080296473,-0.735631624807021,-1.31301204680897,-1.67240414997454,-1.17482172340418,1.38170744238682,0.262960832479243
"30",5,29,37.1729235945429,18.4854812091515,4.06094361256855,1.50986858537282,1.19422156445482,0.879379861017082,1.40202745876719,0.688764161361174,0.716888811257431
"31",6,31,18.4038071298885,12.1234823352061,2.22843855061941,1.0125351599794,0.467384657327562,0.895510496912511,0.664992374660388,0.635493207175601,-2.0479452413006
"32",6,32,30.7550260219326,20.4845906437571,3.49071269394829,-1.82648681166057,1.34017051956843,-0.750067335648443,-1.19283808409171,-0.744020080447178,0.898460002768704
"33",6,11,14.4711776484571,11.0533746909975,1.9673296817139,0.907076544228612,1.15882369131617,0.74269727489301,0.749311925724964,0.406549840880206,-0.233522894309392
"34",6,10,17.2413022514365,13.9560727012604,2.31329072298282,-1.44152206634606,-1.3176993571314,-1.13254867059235,-2.78926538088767,-0.194272804747128,0.716888811257431
"35",6,39,21.3017449159446,12.4577175689102,2.47734605394975,0.639665390462215,0.508094815498301,-0.396205230857563,-0.453601759917464,0.258679605559804,0.597434080000014
"36",6,16,28.5669274631743,11.5746778884694,3.38848178524068,-0.473195700169803,-1.32256027153985,-1.43170946767881,-0.831112567079838,1.73747991559996,-0.690287922954943
"37",7,30,31.3697846967165,14.4336493743305,3.78099224770915,-0.859886672535566,-0.932385088219008,-1.76942605591384,-0.827073024324788,1.3911940552936,-1.44799847214622
"38",7,36,17.0555413970635,9.83302782881397,2.11714105193933,-0.744285318101922,-0.932037880046976,-0.767935288647923,-0.43878596002817,0.244827157800969,-0.134226148951661
"39",7,16,17.4358464764392,7.66395318008759,2.28916916567518,-0.473195700169803,-1.32256027153985,-1.43170946767881,-0.831112567079838,1.73747991559996,-0.690287922954943
"40",7,15,31.7398584762521,14.2674380741573,3.86399733275609,0.608887632234122,-0.633872862314589,0.684759423547203,0.989925736259258,-0.276289699170993,2.07867274759198
"41",7,20,30.5281996154098,13.2299154822946,3.80292896141703,-0.633402761607866,0.447420187435729,0.479759948644184,0.591937554669358,-1.28896071553254,0.701236122334043
"42",7,5,27.5373482096336,9.41030942436403,3.59255215404813,1.36865118162626,0.878218726884298,0.0814974501148106,0.840760959018146,0.313268585864738,-0.0547887526654825
"43",8,16,32.8212140543342,11.5957800460977,4.07075351470789,-0.473195700169803,-1.32256027153985,-1.43170946767881,-0.831112567079838,1.73747991559996,-0.690287922954943
"44",8,32,10.7067284266387,14.9580063260158,1.49188028181423,-1.82648681166057,1.34017051956843,-0.750067335648443,-1.19283808409171,-0.744020080447178,0.898460002768704
"45",8,10,29.9058001593915,13.8253924568276,3.76359258088455,-1.44152206634606,-1.3176993571314,-1.13254867059235,-2.78926538088767,-0.194272804747128,0.716888811257431
"46",8,11,22.0775488718049,15.4327561094125,2.71150596486509,0.907076544228612,1.15882369131617,0.74269727489301,0.749311925724964,0.406549840880206,-0.233522894309392
"47",8,31,16.5627594102906,9.66039688910147,1.97193027478227,1.0125351599794,0.467384657327562,0.895510496912511,0.664992374660388,0.635493207175601,-2.0479452413006
"48",8,39,24.5568631246604,8.5836470997808,2.82404824508082,0.639665390462215,0.508094815498301,-0.396205230857563,-0.453601759917464,0.258679605559804,0.597434080000014
"49",9,31,40.7940020334747,12.3502065215316,4.61324877475532,1.0125351599794,0.467384657327562,0.895510496912511,0.664992374660388,0.635493207175601,-2.0479452413006
"50",9,22,35.6412133057714,13.9607061339411,4.07841833989932,-0.608666389866083,-1.32768159207732,-0.741711844822535,-0.896739600146505,0.600940791029619,0.616015927084497
"51",9,16,39.0544597223729,16.6099801604014,4.29625167600168,-0.473195700169803,-1.32256027153985,-1.43170946767881,-0.831112567079838,1.73747991559996,-0.690287922954943
"52",9,1,23.9670326384895,14.9138681008586,2.77734363178156,1.02989797489269,0.945985081860622,0.1833146488745,1.68869827139022,0.35115085887506,0.830370805951978
"53",9,28,39.9557025843417,25.8684064970359,4.5697140085871,-0.611109318030341,-0.845496243168027,1.62205836990924,-0.796248205763172,-1.36638039430175,-0.34809606202985
"54",9,9,37.8055890948359,23.2702145483013,4.06540823954206,0.657486240978901,0.735655051448003,0.160744407182255,1.0533714162382,-0.544623873753253,1.09914395128116
"55",10,14,35.4095839987211,15.7541361221399,4.13930408499621,-0.7615922750148,-1.10946125595527,1.58212351355622,-0.868723817469939,-1.45596023203993,-0.372538337810208
"56",10,0,32.6693243228307,19.9131172377879,4.02176296787294,-1.14450574268334,-1.33488616164698,1.11360889636026,-1.06963203006267,-1.64285511974935,-1.61465035246688
"57",10,34,22.61640528834,6.51954991916958,3.14835378769392,-1.20556498228969,-0.845409441125019,0.355770342648583,0.626851633435317,-1.76141666969695,-0.454538230750789
"58",10,26,23.9047503094149,15.8299224928041,2.75219738782221,-1.72140824515106,1.38963553179695,-1.68397386345119,0.167583588251301,-1.32118513680035,0.0957242087188674
"59",10,35,5.44194675743933,15.8795111121773,0.693771284003846,0.805714253454341,0.50818161754131,0.808912493597519,0.267810858685266,0.181668643244838,-0.842255115850246
"60",10,9,23.9057595224864,11.545967275396,3.03857955688337,0.657486240978901,0.735655051448003,0.160744407182255,1.0533714162382,-0.544623873753253,1.09914395128116
"61",11,16,27.7974643642291,12.8143036715088,3.32395237941897,-0.473195700169803,-1.32256027153985,-1.43170946767881,-0.831112567079838,1.73747991559996,-0.690287922954943
"62",11,31,14.6018556964677,9.74124019311273,1.73214001183157,1.0125351599794,0.467384657327562,0.895510496912511,0.664992374660388,0.635493207175601,-2.0479452413006
"63",11,9,28.2164292842036,17.5637265385651,3.48363005680114,0.657486240978901,0.735655051448003,0.160744407182255,1.0533714162382,-0.544623873753253,1.09914395128116
"64",11,22,33.6354048496446,18.1501069015932,3.7932309356157,-0.608666389866083,-1.32768159207732,-0.741711844822535,-0.896739600146505,0.600940791029619,0.616015927084497
"65",11,1,19.184459317496,10.5190273027193,2.31354156337579,1.02989797489269,0.945985081860622,0.1833146488745,1.68869827139022,0.35115085887506,0.830370805951978
"66",11,28,29.4955677077779,18.1198257888966,3.84366268518368,-0.611109318030341,-0.845496243168027,1.62205836990924,-0.796248205763172,-1.36638039430175,-0.34809606202985
"67",12,0,24.2525768747594,10.3202503899294,2.93538042770398,-1.14450574268334,-1.33488616164698,1.11360889636026,-1.06963203006267,-1.64285511974935,-1.61465035246688
"68",12,9,30.9555097368728,15.4205223916294,3.70942037200617,0.657486240978901,0.735655051448003,0.160744407182255,1.0533714162382,-0.544623873753253,1.09914395128116
"69",12,26,34.654446238773,11.4969554214974,3.90225473638537,-1.72140824515106,1.38963553179695,-1.68397386345119,0.167583588251301,-1.32118513680035,0.0957242087188674
"70",12,34,28.1568871438864,9.43352006792006,3.40405880970709,-1.20556498228969,-0.845409441125019,0.355770342648583,0.626851633435317,-1.76141666969695,-0.454538230750789
"71",12,35,9.50721048927792,14.8590850217818,1.18114290430494,0.805714253454341,0.50818161754131,0.808912493597519,0.267810858685266,0.181668643244838,-0.842255115850246
"72",12,14,28.9505149609247,12.9390894086947,3.66630210809571,-0.7615922750148,-1.10946125595527,1.58212351355622,-0.868723817469939,-1.45596023203993,-0.372538337810208
"73",13,38,42.2153705606269,18.8382377818878,5.0091717147833,-0.602584312974854,-0.932037880046976,-0.768805807282501,-2.17755431414979,-0.0120460669530226,-0.147038632223632
"74",13,16,31.2926761680777,15.4878050825121,3.62598601315647,-0.473195700169803,-1.32256027153985,-1.43170946767881,-0.831112567079838,1.73747991559996,-0.690287922954943
"75",13,27,32.11647478433,18.3380685224498,3.86415822979523,0.926867871645286,1.1678945048105,0.220099641433081,0.290712518087126,0.34764096410154,-0.266621809428633
"76",13,15,39.9217191718006,21.9895182500257,4.37319102758595,0.608887632234122,-0.633872862314589,0.684759423547203,0.989925736259258,-0.276289699170993,2.07867274759198
"77",13,33,51.0570710792279,22.7338981111128,5.73863092455724,1.36157912909693,0.515472989153979,0.528851024160313,1.02264603257517,0.56116018209136,0.701236122334043
"78",13,13,30.3878081094924,12.2101158524058,3.47069990923996,0.35312244187711,0.498546590767425,0.0953141433149089,1.16207240443603,0.059394866989762,0.449872353152614
"79",14,33,15.5094676814857,11.3727583055965,1.9256819776953,1.36157912909693,0.515472989153979,0.528851024160313,1.02264603257517,0.56116018209136,0.701236122334043
"80",14,16,27.5731818721335,13.2215634860668,3.19233880056093,-0.473195700169803,-1.32256027153985,-1.43170946767881,-0.831112567079838,1.73747991559996,-0.690287922954943
"81",14,15,38.2097678495361,15.8267768548773,4.41965129714374,0.608887632234122,-0.633872862314589,0.684759423547203,0.989925736259258,-0.276289699170993,2.07867274759198
"82",14,38,13.4134795743159,16.6227109692278,1.5651109295599,-0.602584312974854,-0.932037880046976,-0.768805807282501,-2.17755431414979,-0.0120460669530226,-0.147038632223632
"83",14,13,13.7506206065709,5.08789028832738,1.84805916316396,0.35312244187711,0.498546590767425,0.0953141433149089,1.16207240443603,0.059394866989762,0.449872353152614
"84",14,27,34.4494929780644,15.8039081680891,3.93383870593631,0.926867871645286,1.1678945048105,0.220099641433081,0.290712518087126,0.34764096410154,-0.266621809428633
"85",15,32,28.7048729338275,17.0351349322087,3.22970594705307,-1.82648681166057,1.34017051956843,-0.750067335648443,-1.19283808409171,-0.744020080447178,0.898460002768704
"86",15,39,18.1093634888093,12.2230492869498,2.19778038886869,0.639665390462215,0.508094815498301,-0.396205230857563,-0.453601759917464,0.258679605559804,0.597434080000014
"87",15,31,17.2409421811933,12.1921665879019,2.03034650578324,1.0125351599794,0.467384657327562,0.895510496912511,0.664992374660388,0.635493207175601,-2.0479452413006
"88",15,11,25.1502896611098,14.2442160986574,2.94806429837863,0.907076544228612,1.15882369131617,0.74269727489301,0.749311925724964,0.406549840880206,-0.233522894309392
"89",15,10,16.0163173120442,14.742882628616,2.11804790086718,-1.44152206634606,-1.3176993571314,-1.13254867059235,-2.78926538088767,-0.194272804747128,0.716888811257431
"90",15,16,22.8201169241767,11.834893195721,2.63440065998433,-0.473195700169803,-1.32256027153985,-1.43170946767881,-0.831112567079838,1.73747991559996,-0.690287922954943
"91",16,26,31.9258043232895,10.9030318882778,3.69756858733232,-1.72140824515106,1.38963553179695,-1.68397386345119,0.167583588251301,-1.32118513680035,0.0957242087188674
"92",16,29,19.4159407295208,8.33315416616542,2.12619614455879,1.50986858537282,1.19422156445482,0.879379861017082,1.40202745876719,0.688764161361174,0.716888811257431
"93",16,35,12.2769080167361,11.1160582642966,1.42215945276982,0.805714253454341,0.50818161754131,0.808912493597519,0.267810858685266,0.181668643244838,-0.842255115850246
"94",16,2,30.699539344115,13.2571961988001,3.63397429617025,-0.735631624807021,-1.31301204680897,-1.67240414997454,-1.17482172340418,1.38170744238682,0.262960832479243
"95",16,7,22.7315475784613,13.6553812935959,2.52385905265538,1.3161145838523,0.155157708627884,0.225962621638615,0.956161994976313,0.129616407213712,0.262960832479243
"96",16,4,19.1169997848934,10.4329247373132,2.14975334524479,-1.31075633899234,1.87165074870195,-0.611498625816118,-1.1566686397311,-0.842895684152766,0.160460966303524
"97",17,30,23.3014931016408,10.1709792123007,2.70150425193675,-0.859886672535566,-0.932385088219008,-1.76942605591384,-0.827073024324788,1.3911940552936,-1.44799847214622
"98",17,20,31.4089381495708,11.4775261092301,3.57952055775745,-0.633402761607866,0.447420187435729,0.479759948644184,0.591937554669358,-1.28896071553254,0.701236122334043
"99",17,15,15.9242698529503,9.58453907758186,1.79140223283842,0.608887632234122,-0.633872862314589,0.684759423547203,0.989925736259258,-0.276289699170993,2.07867274759198
"100",17,5,29.5261504254732,9.43919335335039,3.65563024712146,1.36865118162626,0.878218726884298,0.0814974501148106,0.840760959018146,0.313268585864738,-0.0547887526654825
"101",17,16,41.5004286875034,16.6275378316369,4.51258046105204,-0.473195700169803,-1.32256027153985,-1.43170946767881,-0.831112567079838,1.73747991559996,-0.690287922954943
"102",17,36,32.1696032472562,14.1381586083849,3.82648456265527,-0.744285318101922,-0.932037880046976,-0.767935288647923,-0.43878596002817,0.244827157800969,-0.134226148951661
"103",18,4,34.3355935124863,12.3730881636616,4.209114735581,-1.31075633899234,1.87165074870195,-0.611498625816118,-1.1566686397311,-0.842895684152766,0.160460966303524
"104",18,7,24.6639893934051,16.3693361465041,2.92033544272724,1.3161145838523,0.155157708627884,0.225962621638615,0.956161994976313,0.129616407213712,0.262960832479243
"105",18,26,28.9911666382212,13.5845040379059,3.48371449536782,-1.72140824515106,1.38963553179695,-1.68397386345119,0.167583588251301,-1.32118513680035,0.0957242087188674
"106",18,2,29.5133251254037,16.0212702735753,3.37462121581059,-0.735631624807021,-1.31301204680897,-1.67240414997454,-1.17482172340418,1.38170744238682,0.262960832479243
"107",18,35,12.7213403967015,14.9235044582108,1.37990399334053,0.805714253454341,0.50818161754131,0.808912493597519,0.267810858685266,0.181668643244838,-0.842255115850246
"108",18,29,32.256858350503,15.2925751811275,3.70736914524909,1.50986858537282,1.19422156445482,0.879379861017082,1.40202745876719,0.688764161361174,0.716888811257431
"109",19,34,40.5620175320985,21.9321467209788,4.34997076473527,-1.20556498228969,-0.845409441125019,0.355770342648583,0.626851633435317,-1.76141666969695,-0.454538230750789
"110",19,9,31.2348284636623,24.4440690721316,3.78459241326936,0.657486240978901,0.735655051448003,0.160744407182255,1.0533714162382,-0.544623873753253,1.09914395128116
"111",19,26,25.6637387212037,18.0257671374227,3.08015174141111,-1.72140824515106,1.38963553179695,-1.68397386345119,0.167583588251301,-1.32118513680035,0.0957242087188674
"112",19,35,5.74613718294009,14.2221489346406,0.746987722015087,0.805714253454341,0.50818161754131,0.808912493597519,0.267810858685266,0.181668643244838,-0.842255115850246
"113",19,14,30.8864960582626,14.1142409668382,3.93769369329322,-0.7615922750148,-1.10946125595527,1.58212351355622,-0.868723817469939,-1.45596023203993,-0.372538337810208
"114",19,0,36.1130955372044,12.6569993544491,4.13356854375884,-1.14450574268334,-1.33488616164698,1.11360889636026,-1.06963203006267,-1.64285511974935,-1.61465035246688
"115",20,10,41.4784371997783,25.7320609409677,4.85648374567375,-1.44152206634606,-1.3176993571314,-1.13254867059235,-2.78926538088767,-0.194272804747128,0.716888811257431
"116",20,16,38.2590770813981,13.413588215526,4.3072157518866,-0.473195700169803,-1.32256027153985,-1.43170946767881,-0.831112567079838,1.73747991559996,-0.690287922954943
"117",20,11,20.6187946671621,14.6866491053205,2.40356255466008,0.907076544228612,1.15882369131617,0.74269727489301,0.749311925724964,0.406549840880206,-0.233522894309392
"118",20,31,18.1228991936825,8.3572253557738,2.12107462551883,1.0125351599794,0.467384657327562,0.895510496912511,0.664992374660388,0.635493207175601,-2.0479452413006
"119",20,39,21.5987425124006,12.2509220732247,2.62800327271906,0.639665390462215,0.508094815498301,-0.396205230857563,-0.453601759917464,0.258679605559804,0.597434080000014
"120",20,32,17.4580638681372,13.026325728549,2.19495823538118,-1.82648681166057,1.34017051956843,-0.750067335648443,-1.19283808409171,-0.744020080447178,0.898460002768704
"121",21,4,30.587574625907,15.7404419654937,3.62200207918243,-1.31075633899234,1.87165074870195,-0.611498625816118,-1.1566686397311,-0.842895684152766,0.160460966303524
"122",21,29,27.6375272678374,13.5575994335873,3.23641578067803,1.50986858537282,1.19422156445482,0.879379861017082,1.40202745876719,0.688764161361174,0.716888811257431
"123",21,35,7.15817779636128,9.91338506738341,0.889472401446504,0.805714253454341,0.50818161754131,0.808912493597519,0.267810858685266,0.181668643244838,-0.842255115850246
"124",21,2,25.761244951735,11.7949215693944,3.03102751878093,-0.735631624807021,-1.31301204680897,-1.67240414997454,-1.17482172340418,1.38170744238682,0.262960832479243
"125",21,26,26.658925741593,12.1676189282348,3.23405654362698,-1.72140824515106,1.38963553179695,-1.68397386345119,0.167583588251301,-1.32118513680035,0.0957242087188674
"126",21,7,19.9815309670382,15.0819597192824,2.30136370957294,1.3161145838523,0.155157708627884,0.225962621638615,0.956161994976313,0.129616407213712,0.262960832479243
"127",22,14,35.2865133589537,21.4240580941578,4.20250557554172,-0.7615922750148,-1.10946125595527,1.58212351355622,-0.868723817469939,-1.45596023203993,-0.372538337810208
"128",22,34,22.3710439208777,8.52782112757123,2.7118319585961,-1.20556498228969,-0.845409441125019,0.355770342648583,0.626851633435317,-1.76141666969695,-0.454538230750789
"129",22,9,33.0025713397421,17.5577775261754,3.94502877204654,0.657486240978901,0.735655051448003,0.160744407182255,1.0533714162382,-0.544623873753253,1.09914395128116
"130",22,35,4.85559876794707,12.8663330915464,0.615359693661383,0.805714253454341,0.50818161754131,0.808912493597519,0.267810858685266,0.181668643244838,-0.842255115850246
"131",22,0,37.2901717237271,23.3030487996499,4.39593029096239,-1.14450574268334,-1.33488616164698,1.11360889636026,-1.06963203006267,-1.64285511974935,-1.61465035246688
"132",22,26,30.9693201005752,10.450555965286,3.67245316682636,-1.72140824515106,1.38963553179695,-1.68397386345119,0.167583588251301,-1.32118513680035,0.0957242087188674
"133",23,20,15.3513305792827,12.6843037053065,1.80956959178437,-0.633402761607866,0.447420187435729,0.479759948644184,0.591937554669358,-1.28896071553254,0.701236122334043
"134",23,16,20.7730111599208,11.2280393076183,2.38627019232219,-0.473195700169803,-1.32256027153985,-1.43170946767881,-0.831112567079838,1.73747991559996,-0.690287922954943
"135",23,30,44.4315255589973,23.5761981027817,5.11919312479557,-0.859886672535566,-0.932385088219008,-1.76942605591384,-0.827073024324788,1.3911940552936,-1.44799847214622
"136",23,15,32.275077407203,14.1751815618046,3.79520951760422,0.608887632234122,-0.633872862314589,0.684759423547203,0.989925736259258,-0.276289699170993,2.07867274759198
"137",23,5,41.1209109923121,16.9590108485595,4.4412840442156,1.36865118162626,0.878218726884298,0.0814974501148106,0.840760959018146,0.313268585864738,-0.0547887526654825
"138",23,36,35.4030069735727,13.0781523923037,3.95363129048058,-0.744285318101922,-0.932037880046976,-0.767935288647923,-0.43878596002817,0.244827157800969,-0.134226148951661
"139",24,16,29.5229587125672,12.4275379946341,3.66221394593876,-0.473195700169803,-1.32256027153985,-1.43170946767881,-0.831112567079838,1.73747991559996,-0.690287922954943
"140",24,32,28.5028443689251,25.4023556665092,3.32609549390471,-1.82648681166057,1.34017051956843,-0.750067335648443,-1.19283808409171,-0.744020080447178,0.898460002768704
"141",24,31,25.1424120946699,9.68050506480157,2.75064384707938,1.0125351599794,0.467384657327562,0.895510496912511,0.664992374660388,0.635493207175601,-2.0479452413006
"142",24,39,25.552025119311,12.2623301628392,2.70337222712065,0.639665390462215,0.508094815498301,-0.396205230857563,-0.453601759917464,0.258679605559804,0.597434080000014
"143",24,10,22.2300843457577,11.5117152240155,2.73953501621602,-1.44152206634606,-1.3176993571314,-1.13254867059235,-2.78926538088767,-0.194272804747128,0.716888811257431
"144",24,11,24.812161990324,16.9190533385467,3.15279567318264,0.907076544228612,1.15882369131617,0.74269727489301,0.749311925724964,0.406549840880206,-0.233522894309392
"145",25,15,30.4586133440528,18.5451677979086,3.60395539101104,0.608887632234122,-0.633872862314589,0.684759423547203,0.989925736259258,-0.276289699170993,2.07867274759198
"146",25,16,29.2307143578855,16.6187811918024,3.39899930093257,-0.473195700169803,-1.32256027153985,-1.43170946767881,-0.831112567079838,1.73747991559996,-0.690287922954943
"147",25,20,39.8364454867471,22.2615321652005,4.48550090372332,-0.633402761607866,0.447420187435729,0.479759948644184,0.591937554669358,-1.28896071553254,0.701236122334043
"148",25,5,33.1099129363279,13.5476316419964,3.49116355419803,1.36865118162626,0.878218726884298,0.0814974501148106,0.840760959018146,0.313268585864738,-0.0547887526654825
"149",25,36,23.2218835725214,11.9399479483522,2.84729114914498,-0.744285318101922,-0.932037880046976,-0.767935288647923,-0.43878596002817,0.244827157800969,-0.134226148951661
"150",25,30,40.7121850560562,13.9914119396704,4.45654707669452,-0.859886672535566,-0.932385088219008,-1.76942605591384,-0.827073024324788,1.3911940552936,-1.44799847214622
"151",26,22,33.7504500115519,16.5019211332438,3.63575193818075,-0.608666389866083,-1.32768159207732,-0.741711844822535,-0.896739600146505,0.600940791029619,0.616015927084497
"152",26,28,25.5070738745517,11.2565027546631,2.97599384846184,-0.611109318030341,-0.845496243168027,1.62205836990924,-0.796248205763172,-1.36638039430175,-0.34809606202985
"153",26,31,20.3515884048989,10.4995147706876,2.33528392256317,1.0125351599794,0.467384657327562,0.895510496912511,0.664992374660388,0.635493207175601,-2.0479452413006
"154",26,9,19.8019433815627,14.0796654655944,2.66468294410666,0.657486240978901,0.735655051448003,0.160744407182255,1.0533714162382,-0.544623873753253,1.09914395128116
"155",26,16,24.5342087974584,20.644927158585,2.97972206051381,-0.473195700169803,-1.32256027153985,-1.43170946767881,-0.831112567079838,1.73747991559996,-0.690287922954943
"156",26,1,20.5952746221702,13.2505231561806,2.42140349239359,1.02989797489269,0.945985081860622,0.1833146488745,1.68869827139022,0.35115085887506,0.830370805951978
"157",27,27,27.6773918898314,13.5693432624929,3.2940800243742,0.926867871645286,1.1678945048105,0.220099641433081,0.290712518087126,0.34764096410154,-0.266621809428633
"158",27,13,35.8722734954206,15.862755696436,4.23927164122296,0.35312244187711,0.498546590767425,0.0953141433149089,1.16207240443603,0.059394866989762,0.449872353152614
"159",27,15,40.7542595554505,21.764742300537,4.47785937926934,0.608887632234122,-0.633872862314589,0.684759423547203,0.989925736259258,-0.276289699170993,2.07867274759198
"160",27,33,21.6532231203268,18.8397050669547,2.69810452231724,1.36157912909693,0.515472989153979,0.528851024160313,1.02264603257517,0.56116018209136,0.701236122334043
"161",27,16,28.3854099058421,12.4622340177545,3.50419290849058,-0.473195700169803,-1.32256027153985,-1.43170946767881,-0.831112567079838,1.73747991559996,-0.690287922954943
"162",27,38,10.7673604608668,16.5342113208078,1.17525552029852,-0.602584312974854,-0.932037880046976,-0.768805807282501,-2.17755431414979,-0.0120460669530226,-0.147038632223632
"163",28,35,7.12483579050284,12.4786556351683,0.809925322531164,0.805714253454341,0.50818161754131,0.808912493597519,0.267810858685266,0.181668643244838,-0.842255115850246
"164",28,26,37.8664739275554,17.4696100906888,4.64824710622492,-1.72140824515106,1.38963553179695,-1.68397386345119,0.167583588251301,-1.32118513680035,0.0957242087188674
"165",28,34,26.8571598157617,10.5549421136681,3.32162064232347,-1.20556498228969,-0.845409441125019,0.355770342648583,0.626851633435317,-1.76141666969695,-0.454538230750789
"166",28,0,34.5569695916246,19.5549141892275,4.19103365819582,-1.14450574268334,-1.33488616164698,1.11360889636026,-1.06963203006267,-1.64285511974935,-1.61465035246688
"167",28,14,31.4442354045289,15.771836097726,3.81717308253309,-0.7615922750148,-1.10946125595527,1.58212351355622,-0.868723817469939,-1.45596023203993,-0.372538337810208
"168",28,9,32.552966364335,10.6356310434854,3.70483320264573,0.657486240978901,0.735655051448003,0.160744407182255,1.0533714162382,-0.544623873753253,1.09914395128116
"169",29,5,29.6925153119983,8.96824035141864,3.85946968351459,1.36865118162626,0.878218726884298,0.0814974501148106,0.840760959018146,0.313268585864738,-0.0547887526654825
"170",29,15,37.6870232376022,17.4289386467419,4.17886599646366,0.608887632234122,-0.633872862314589,0.684759423547203,0.989925736259258,-0.276289699170993,2.07867274759198
"171",29,16,31.3166863451494,14.007541003176,3.72049962682299,-0.473195700169803,-1.32256027153985,-1.43170946767881,-0.831112567079838,1.73747991559996,-0.690287922954943
"172",29,20,33.1702458712387,12.4599347128413,3.8998979463888,-0.633402761607866,0.447420187435729,0.479759948644184,0.591937554669358,-1.28896071553254,0.701236122334043
"173",29,36,34.5638949085163,17.1440276470885,3.95554658376346,-0.744285318101922,-0.932037880046976,-0.767935288647923,-0.43878596002817,0.244827157800969,-0.134226148951661
"174",29,30,42.6424185163553,25.0984631491851,4.88275823726237,-0.859886672535566,-0.932385088219008,-1.76942605591384,-0.827073024324788,1.3911940552936,-1.44799847214622
"175",30,22,31.8234276693015,11.8707083246663,3.75584140419412,-0.608666389866083,-1.32768159207732,-0.741711844822535,-0.896739600146505,0.600940791029619,0.616015927084497
"176",30,16,31.3694763515187,13.6152314603127,3.4989807264598,-0.473195700169803,-1.32256027153985,-1.43170946767881,-0.831112567079838,1.73747991559996,-0.690287922954943
"177",30,1,23.7527425145236,18.013249273728,3.09990839321164,1.02989797489269,0.945985081860622,0.1833146488745,1.68869827139022,0.35115085887506,0.830370805951978
"178",30,28,41.6613431949021,20.1123398553573,4.72220162823626,-0.611109318030341,-0.845496243168027,1.62205836990924,-0.796248205763172,-1.36638039430175,-0.34809606202985
"179",30,9,27.0905069594227,19.6943248579835,3.47202150605601,0.657486240978901,0.735655051448003,0.160744407182255,1.0533714162382,-0.544623873753253,1.09914395128116
"180",30,31,23.8972564576197,16.4408711215769,2.70256459893935,1.0125351599794,0.467384657327562,0.895510496912511,0.664992374660388,0.635493207175601,-2.0479452413006
"181",31,14,29.8954962732794,12.0218902853206,3.32223830969771,-0.7615922750148,-1.10946125595527,1.58212351355622,-0.868723817469939,-1.45596023203993,-0.372538337810208
"182",31,37,31.4125003967548,19.4642080266174,3.82909442526551,0.42543921695151,0.794341912725694,0.538988474071532,-0.985019146047263,-0.391875387993128,-0.013343154603122
"183",31,35,10.6388196712729,14.6996884703717,1.24474215803287,0.805714253454341,0.50818161754131,0.808912493597519,0.267810858685266,0.181668643244838,-0.842255115850246
"184",31,17,30.4033398362805,15.6566192794061,3.59263798019324,1.12632576991039,0.0954379030383987,0.64078335184059,1.36350737340401,1.23626809040076,-0.34809606202985
"185",31,21,33.9649532124209,16.3833654678332,3.8768910454112,1.35291985000198,0.0918790192750719,0.0335519622411262,0.452449035996883,0.354596237249606,2.92795735304794
"186",31,11,33.8124720803307,16.7183954266742,4.06151284407067,0.907076544228612,1.15882369131617,0.74269727489301,0.749311925724964,0.406549840880206,-0.233522894309392
"187",32,15,26.8887863944811,20.17023671746,3.3375953257945,0.608887632234122,-0.633872862314589,0.684759423547203,0.989925736259258,-0.276289699170993,2.07867274759198
"188",32,33,25.8357822169513,18.2922407570687,3.28387512401321,1.36157912909693,0.515472989153979,0.528851024160313,1.02264603257517,0.56116018209136,0.701236122334043
"189",32,13,32.4553190663292,16.4413169992842,3.57971403404766,0.35312244187711,0.498546590767425,0.0953141433149089,1.16207240443603,0.059394866989762,0.449872353152614
"190",32,16,19.6755557950936,15.0309088738273,2.2779661508093,-0.473195700169803,-1.32256027153985,-1.43170946767881,-0.831112567079838,1.73747991559996,-0.690287922954943
"191",32,27,31.4095373424424,17.49271452515,3.70410997628669,0.926867871645286,1.1678945048105,0.220099641433081,0.290712518087126,0.34764096410154,-0.266621809428633
"192",32,38,8.66090595876218,14.4481654616985,1.10002185477711,-0.602584312974854,-0.932037880046976,-0.768805807282501,-2.17755431414979,-0.0120460669530226,-0.147038632223632
"193",33,20,35.6025803716931,14.675900879232,4.35236039723386,-0.633402761607866,0.447420187435729,0.479759948644184,0.591937554669358,-1.28896071553254,0.701236122334043
"194",33,30,24.8595904244883,10.5505095362788,3.16044766404686,-0.859886672535566,-0.932385088219008,-1.76942605591384,-0.827073024324788,1.3911940552936,-1.44799847214622
"195",33,5,28.081052960683,9.46547254375236,3.3970974595744,1.36865118162626,0.878218726884298,0.0814974501148106,0.840760959018146,0.313268585864738,-0.0547887526654825
"196",33,15,21.7855099097316,10.4191963550207,2.73713237454278,0.608887632234122,-0.633872862314589,0.684759423547203,0.989925736259258,-0.276289699170993,2.07867274759198
"197",33,36,29.275667106731,11.9985884761975,3.48406111796628,-0.744285318101922,-0.932037880046976,-0.767935288647923,-0.43878596002817,0.244827157800969,-0.134226148951661
"198",33,16,23.6803688616201,10.020696144992,2.91916128397565,-0.473195700169803,-1.32256027153985,-1.43170946767881,-0.831112567079838,1.73747991559996,-0.690287922954943
"199",34,16,27.6716360404348,14.1445544300486,3.13289616571969,-0.473195700169803,-1.32256027153985,-1.43170946767881,-0.831112567079838,1.73747991559996,-0.690287922954943
"200",34,1,37.6117400068222,20.7860665143298,4.12505616799123,1.02989797489269,0.945985081860622,0.1833146488745,1.68869827139022,0.35115085887506,0.830370805951978
"201",34,31,21.6177347640118,9.61392565790448,2.90503168950588,1.0125351599794,0.467384657327562,0.895510496912511,0.664992374660388,0.635493207175601,-2.0479452413006
"202",34,9,34.5624909810728,19.9396646594474,3.71228723180643,0.657486240978901,0.735655051448003,0.160744407182255,1.0533714162382,-0.544623873753253,1.09914395128116
"203",34,22,27.7379298562245,9.14986656149577,3.65146841986368,-0.608666389866083,-1.32768159207732,-0.741711844822535,-0.896739600146505,0.600940791029619,0.616015927084497
"204",34,28,31.0251277333875,10.7744742183214,3.80416184022098,-0.611109318030341,-0.845496243168027,1.62205836990924,-0.796248205763172,-1.36638039430175,-0.34809606202985
"205",35,11,32.4814423545923,15.6009816592684,3.9334345743389,0.907076544228612,1.15882369131617,0.74269727489301,0.749311925724964,0.406549840880206,-0.233522894309392
"206",35,35,10.8410082789831,11.8859931952538,1.27309093793107,0.805714253454341,0.50818161754131,0.808912493597519,0.267810858685266,0.181668643244838,-0.842255115850246
"207",35,37,22.2684040746905,14.4722761199496,2.8057557952428,0.42543921695151,0.794341912725694,0.538988474071532,-0.985019146047263,-0.391875387993128,-0.013343154603122
"208",35,14,29.5722811766321,12.9700768849032,3.74175378613145,-0.7615922750148,-1.10946125595527,1.58212351355622,-0.868723817469939,-1.45596023203993,-0.372538337810208
"209",35,17,33.3867151527079,14.1152964940382,3.88454644057751,1.12632576991039,0.0954379030383987,0.64078335184059,1.36350737340401,1.23626809040076,-0.34809606202985
"210",35,21,19.6655023947237,9.55839375206051,2.31644007719815,1.35291985000198,0.0918790192750719,0.0335519622411262,0.452449035996883,0.354596237249606,2.92795735304794
"211",36,11,40.4230467185754,20.8453278544854,4.53209175599358,0.907076544228612,1.15882369131617,0.74269727489301,0.749311925724964,0.406549840880206,-0.233522894309392
"212",36,35,47.4279201776252,16.8304958540027,5.30518601758264,0.805714253454341,0.50818161754131,0.808912493597519,0.267810858685266,0.181668643244838,-0.842255115850246
"213",36,14,31.3686722806731,14.7457729821338,4.00319008850483,-0.7615922750148,-1.10946125595527,1.58212351355622,-0.868723817469939,-1.45596023203993,-0.372538337810208
"214",36,17,46.9049229424789,16.3269456695951,5.00804781766885,1.12632576991039,0.0954379030383987,0.64078335184059,1.36350737340401,1.23626809040076,-0.34809606202985
"215",36,37,17.7968080899338,14.4665514983299,2.13027369577091,0.42543921695151,0.794341912725694,0.538988474071532,-0.985019146047263,-0.391875387993128,-0.013343154603122
"216",36,21,32.9668965125876,22.1713247891658,3.66534010110927,1.35291985000198,0.0918790192750719,0.0335519622411262,0.452449035996883,0.354596237249606,2.92795735304794
"217",37,37,12.981931300303,10.4152377050075,1.54960878827634,0.42543921695151,0.794341912725694,0.538988474071532,-0.985019146047263,-0.391875387993128,-0.013343154603122
"218",37,14,32.4433470817729,18.4950347691806,3.69426710137595,-0.7615922750148,-1.10946125595527,1.58212351355622,-0.868723817469939,-1.45596023203993,-0.372538337810208
"219",37,35,7.92214418304289,14.6669139724023,0.891095087705629,0.805714253454341,0.50818161754131,0.808912493597519,0.267810858685266,0.181668643244838,-0.842255115850246
"220",37,11,20.9866359365393,12.1766896062915,2.40051546286899,0.907076544228612,1.15882369131617,0.74269727489301,0.749311925724964,0.406549840880206,-0.233522894309392
"221",37,21,24.2159451866404,11.8704103848634,2.59349149089264,1.35291985000198,0.0918790192750719,0.0335519622411262,0.452449035996883,0.354596237249606,2.92795735304794
"222",37,17,27.8836757111071,9.06493606193025,3.48736387402484,1.12632576991039,0.0954379030383987,0.64078335184059,1.36350737340401,1.23626809040076,-0.34809606202985
"223",38,26,36.5184222004477,14.6920120416838,4.0952638624231,-1.72140824515106,1.38963553179695,-1.68397386345119,0.167583588251301,-1.32118513680035,0.0957242087188674
"224",38,14,30.8804797157782,17.7198745030153,3.94172015076185,-0.7615922750148,-1.10946125595527,1.58212351355622,-0.868723817469939,-1.45596023203993,-0.372538337810208
"225",38,34,35.7551169085875,14.0866735113946,3.95047257382846,-1.20556498228969,-0.845409441125019,0.355770342648583,0.626851633435317,-1.76141666969695,-0.454538230750789
"226",38,9,43.590354327082,17.3742548382967,4.89499049194217,0.657486240978901,0.735655051448003,0.160744407182255,1.0533714162382,-0.544623873753253,1.09914395128116
"227",38,0,33.6639002099693,15.2198047384704,3.86971107646198,-1.14450574268334,-1.33488616164698,1.11360889636026,-1.06963203006267,-1.64285511974935,-1.61465035246688
"228",38,35,6.32135977752394,19.2032123679719,0.744354221404899,0.805714253454341,0.50818161754131,0.808912493597519,0.267810858685266,0.181668643244838,-0.842255115850246
"229",39,17,28.5729671474945,12.9042500061833,3.26788517356912,1.12632576991039,0.0954379030383987,0.64078335184059,1.36350737340401,1.23626809040076,-0.34809606202985
"230",39,14,28.2824395720609,14.9587242526577,3.64863319047564,-0.7615922750148,-1.10946125595527,1.58212351355622,-0.868723817469939,-1.45596023203993,-0.372538337810208
"231",39,11,16.5414945292095,15.9012008434064,2.00498453355911,0.907076544228612,1.15882369131617,0.74269727489301,0.749311925724964,0.406549840880206,-0.233522894309392
"232",39,37,24.4306370357226,15.3532616881636,2.91974992650159,0.42543921695151,0.794341912725694,0.538988474071532,-0.985019146047263,-0.391875387993128,-0.013343154603122
"233",39,21,23.691800743783,11.0107328690146,2.85671317001868,1.35291985000198,0.0918790192750719,0.0335519622411262,0.452449035996883,0.354596237249606,2.92795735304794
"234",39,35,18.3936613135916,12.4819575101249,1.93216480641138,0.805714253454341,0.50818161754131,0.808912493597519,0.267810858685266,0.181668643244838,-0.842255115850246
"235",40,16,28.6110429034146,11.7661948124717,3.40786073254606,-0.473195700169803,-1.32256027153985,-1.43170946767881,-0.831112567079838,1.73747991559996,-0.690287922954943
"236",40,28,31.2381291042122,16.8186545678209,3.65874416672867,-0.611109318030341,-0.845496243168027,1.62205836990924,-0.796248205763172,-1.36638039430175,-0.34809606202985
"237",40,22,50.574359550626,23.1757167588512,5.30611576104366,-0.608666389866083,-1.32768159207732,-0.741711844822535,-0.896739600146505,0.600940791029619,0.616015927084497
"238",40,9,34.3678321702152,20.9365045785827,3.67338701257108,0.657486240978901,0.735655051448003,0.160744407182255,1.0533714162382,-0.544623873753253,1.09914395128116
"239",40,1,25.0164252930579,10.2594069877176,3.13225680291238,1.02989797489269,0.945985081860622,0.1833146488745,1.68869827139022,0.35115085887506,0.830370805951978
"240",40,31,22.813434330225,10.9416660811524,2.72977294219537,1.0125351599794,0.467384657327562,0.895510496912511,0.664992374660388,0.635493207175601,-2.0479452413006
"241",41,15,24.7080940290204,12.830237888643,3.4099800733773,0.608887632234122,-0.633872862314589,0.684759423547203,0.989925736259258,-0.276289699170993,2.07867274759198
"242",41,33,47.4489307452172,20.75845282781,5.08980615924228,1.36157912909693,0.515472989153979,0.528851024160313,1.02264603257517,0.56116018209136,0.701236122334043
"243",41,38,28.1967856842148,21.1787907997113,3.41861919850325,-0.602584312974854,-0.932037880046976,-0.768805807282501,-2.17755431414979,-0.0120460669530226,-0.147038632223632
"244",41,16,32.3643229174588,14.7597696163098,3.81782883043757,-0.473195700169803,-1.32256027153985,-1.43170946767881,-0.831112567079838,1.73747991559996,-0.690287922954943
"245",41,13,31.4835528692391,11.2535984517991,3.62235290605227,0.35312244187711,0.498546590767425,0.0953141433149089,1.16207240443603,0.059394866989762,0.449872353152614
"246",41,27,37.2922128373211,18.2938776707821,4.13683615026615,0.926867871645286,1.1678945048105,0.220099641433081,0.290712518087126,0.34764096410154,-0.266621809428633
"247",42,36,40.0462137266239,22.4122467359665,4.66709503951604,-0.744285318101922,-0.932037880046976,-0.767935288647923,-0.43878596002817,0.244827157800969,-0.134226148951661
"248",42,30,32.0763627349347,19.2944810334392,3.904544951554,-0.859886672535566,-0.932385088219008,-1.76942605591384,-0.827073024324788,1.3911940552936,-1.44799847214622
"249",42,20,25.3604910274788,15.5192453904322,3.15223458835149,-0.633402761607866,0.447420187435729,0.479759948644184,0.591937554669358,-1.28896071553254,0.701236122334043
"250",42,5,28.1289554255126,11.4536998947724,3.65069576029926,1.36865118162626,0.878218726884298,0.0814974501148106,0.840760959018146,0.313268585864738,-0.0547887526654825
"251",42,16,38.0862617511377,11.5288798043967,4.33904447740009,-0.473195700169803,-1.32256027153985,-1.43170946767881,-0.831112567079838,1.73747991559996,-0.690287922954943
"252",42,15,31.3210440081209,16.108597364806,3.45812903185213,0.608887632234122,-0.633872862314589,0.684759423547203,0.989925736259258,-0.276289699170993,2.07867274759198
"253",43,15,19.4543781662861,11.2981018329699,2.54127168130686,0.608887632234122,-0.633872862314589,0.684759423547203,0.989925736259258,-0.276289699170993,2.07867274759198
"254",43,16,20.7443795644985,13.3089666774992,2.551862569943,-0.473195700169803,-1.32256027153985,-1.43170946767881,-0.831112567079838,1.73747991559996,-0.690287922954943
"255",43,30,30.878562429533,16.5861464163297,3.5232109881624,-0.859886672535566,-0.932385088219008,-1.76942605591384,-0.827073024324788,1.3911940552936,-1.44799847214622
"256",43,5,28.3283869879439,8.57852692706696,3.44000364230951,1.36865118162626,0.878218726884298,0.0814974501148106,0.840760959018146,0.313268585864738,-0.0547887526654825
"257",43,36,21.2068217995718,11.5048613922604,2.45178370593309,-0.744285318101922,-0.932037880046976,-0.767935288647923,-0.43878596002817,0.244827157800969,-0.134226148951661
"258",43,20,32.7215864896853,14.8741270530987,4.05329071632647,-0.633402761607866,0.447420187435729,0.479759948644184,0.591937554669358,-1.28896071553254,0.701236122334043
"259",44,28,36.6391278662524,15.7025508572787,4.20513699539664,-0.611109318030341,-0.845496243168027,1.62205836990924,-0.796248205763172,-1.36638039430175,-0.34809606202985
"260",44,9,25.8148115125238,14.8203510760803,3.2323917118713,0.657486240978901,0.735655051448003,0.160744407182255,1.0533714162382,-0.544623873753253,1.09914395128116
"261",44,22,33.6722512299055,13.8461048997485,4.00608638684564,-0.608666389866083,-1.32768159207732,-0.741711844822535,-0.896739600146505,0.600940791029619,0.616015927084497
"262",44,31,25.8521690559891,14.5846860418249,3.08530929685025,1.0125351599794,0.467384657327562,0.895510496912511,0.664992374660388,0.635493207175601,-2.0479452413006
"263",44,16,35.361366348456,18.0454429364427,4.02635110810891,-0.473195700169803,-1.32256027153985,-1.43170946767881,-0.831112567079838,1.73747991559996,-0.690287922954943
"264",44,1,33.7520882253884,9.41375712021511,3.73340716479203,1.02989797489269,0.945985081860622,0.1833146488745,1.68869827139022,0.35115085887506,0.830370805951978
"265",45,33,36.2277333586216,21.4171626432258,3.91635742692904,1.36157912909693,0.515472989153979,0.528851024160313,1.02264603257517,0.56116018209136,0.701236122334043
"266",45,16,27.4058716996097,14.4676821022576,3.45667809311877,-0.473195700169803,-1.32256027153985,-1.43170946767881,-0.831112567079838,1.73747991559996,-0.690287922954943
"267",45,27,34.9101078269056,17.0660061586747,4.13430574616626,0.926867871645286,1.1678945048105,0.220099641433081,0.290712518087126,0.34764096410154,-0.266621809428633
"268",45,38,45.7747361747805,20.2111449616704,5.00046536193836,-0.602584312974854,-0.932037880046976,-0.768805807282501,-2.17755431414979,-0.0120460669530226,-0.147038632223632
"269",45,15,18.1887954230276,7.43705011520849,2.25941751417601,0.608887632234122,-0.633872862314589,0.684759423547203,0.989925736259258,-0.276289699170993,2.07867274759198
"270",45,13,37.822286084297,18.0985060985645,4.48031715309555,0.35312244187711,0.498546590767425,0.0953141433149089,1.16207240443603,0.059394866989762,0.449872353152614
"271",46,34,16.6955945506018,6.59784216053425,2.20602083336899,-1.20556498228969,-0.845409441125019,0.355770342648583,0.626851633435317,-1.76141666969695,-0.454538230750789
"272",46,35,6.83305785434638,15.4716550543792,0.745341878013511,0.805714253454341,0.50818161754131,0.808912493597519,0.267810858685266,0.181668643244838,-0.842255115850246
"273",46,26,37.1587668849342,13.9294992856242,4.30250966664401,-1.72140824515106,1.38963553179695,-1.68397386345119,0.167583588251301,-1.32118513680035,0.0957242087188674
"274",46,0,29.2567182628425,12.7991593783622,3.26756881914362,-1.14450574268334,-1.33488616164698,1.11360889636026,-1.06963203006267,-1.64285511974935,-1.61465035246688
"275",46,14,37.0480484498475,21.7411375590147,4.58633197386126,-0.7615922750148,-1.10946125595527,1.58212351355622,-0.868723817469939,-1.45596023203993,-0.372538337810208
"276",46,9,26.4295022777336,8.14550149243229,3.2644149011898,0.657486240978901,0.735655051448003,0.160744407182255,1.0533714162382,-0.544623873753253,1.09914395128116
"277",47,0,29.1263558724252,17.0906528834463,4.01540370868226,-1.14450574268334,-1.33488616164698,1.11360889636026,-1.06963203006267,-1.64285511974935,-1.61465035246688
"278",47,35,9.38025540601413,12.0081466807008,1.08798478510865,0.805714253454341,0.50818161754131,0.808912493597519,0.267810858685266,0.181668643244838,-0.842255115850246
"279",47,34,17.4350641829643,9.80633512297191,2.47263286046821,-1.20556498228969,-0.845409441125019,0.355770342648583,0.626851633435317,-1.76141666969695,-0.454538230750789
"280",47,9,39.4236411136762,15.4411089692801,4.36610238353726,0.657486240978901,0.735655051448003,0.160744407182255,1.0533714162382,-0.544623873753253,1.09914395128116
"281",47,14,38.0813185720327,15.6793355453773,4.48519079068641,-0.7615922750148,-1.10946125595527,1.58212351355622,-0.868723817469939,-1.45596023203993,-0.372538337810208
"282",47,26,26.5599492590984,13.6568073681403,3.16524396123595,-1.72140824515106,1.38963553179695,-1.68397386345119,0.167583588251301,-1.32118513680035,0.0957242087188674
"283",48,26,33.2785797986207,15.7865086526051,4.06733053260789,-1.72140824515106,1.38963553179695,-1.68397386345119,0.167583588251301,-1.32118513680035,0.0957242087188674
"284",48,2,22.105123794681,8.68065604650175,2.64982945493932,-0.735631624807021,-1.31301204680897,-1.67240414997454,-1.17482172340418,1.38170744238682,0.262960832479243
"285",48,35,8.53066187573947,16.9435876487225,1.06318609650308,0.805714253454341,0.50818161754131,0.808912493597519,0.267810858685266,0.181668643244838,-0.842255115850246
"286",48,29,32.8442245954126,18.1080536022322,3.66078755427242,1.50986858537282,1.19422156445482,0.879379861017082,1.40202745876719,0.688764161361174,0.716888811257431
"287",48,7,17.3142193058541,9.55441918274288,1.99185108121361,1.3161145838523,0.155157708627884,0.225962621638615,0.956161994976313,0.129616407213712,0.262960832479243
"288",48,4,22.4534209345422,12.5836346057885,2.72128862292329,-1.31075633899234,1.87165074870195,-0.611498625816118,-1.1566686397311,-0.842895684152766,0.160460966303524
"289",49,26,24.1414327552939,8.80438874577642,2.98100463153972,-1.72140824515106,1.38963553179695,-1.68397386345119,0.167583588251301,-1.32118513680035,0.0957242087188674
"290",49,35,24.6559021509754,15.5562413240437,2.95796469916629,0.805714253454341,0.50818161754131,0.808912493597519,0.267810858685266,0.181668643244838,-0.842255115850246
"291",49,4,28.577001051056,14.3425960895267,3.55756200291331,-1.31075633899234,1.87165074870195,-0.611498625816118,-1.1566686397311,-0.842895684152766,0.160460966303524
"292",49,7,16.5327921037607,15.7378381774137,2.04473271600313,1.3161145838523,0.155157708627884,0.225962621638615,0.956161994976313,0.129616407213712,0.262960832479243
"293",49,2,48.1468001547858,22.6374386519618,5.37426471123062,-0.735631624807021,-1.31301204680897,-1.67240414997454,-1.17482172340418,1.38170744238682,0.262960832479243
"294",49,29,37.8271838696691,19.394611918226,4.19325687090474,1.50986858537282,1.19422156445482,0.879379861017082,1.40202745876719,0.688764161361174,0.716888811257431
"295",50,35,10.9121292458886,16.784301915428,1.21671117948865,0.805714253454341,0.50818161754131,0.808912493597519,0.267810858685266,0.181668643244838,-0.842255115850246
"296",50,7,34.1093710167657,18.5782586681264,3.92309143850785,1.3161145838523,0.155157708627884,0.225962621638615,0.956161994976313,0.129616407213712,0.262960832479243
"297",50,26,38.8660321664973,17.702573757381,4.6372312507474,-1.72140824515106,1.38963553179695,-1.68397386345119,0.167583588251301,-1.32118513680035,0.0957242087188674
"298",50,4,19.7841277148324,14.0073121230807,2.78227772758516,-1.31075633899234,1.87165074870195,-0.611498625816118,-1.1566686397311,-0.842895684152766,0.160460966303524
"299",50,2,26.8172886302743,14.2313600146609,3.242487658609,-0.735631624807021,-1.31301204680897,-1.67240414997454,-1.17482172340418,1.38170744238682,0.262960832479243
"300",50,29,25.8998222605032,12.0157976780305,2.90269283826333,1.50986858537282,1.19422156445482,0.879379861017082,1.40202745876719,0.688764161361174,0.716888811257431
