0.7880941506,0.5684541335,0.9484174724,0.5395448,0.5628648052,0.2072009959,0.520297245,0.7186055643,0.7367159284,0.4966015927,0.4866297602,0.1350206868,0.3009732528,0.5479674343,0.3129108259,0.9340143489,0.1111111111,0.6194193614,0.9340143489,0.4966015927,0.5493484023,0.2177830228,0.7172204442,0.1111111111,0.296549396,0.6687913734,0.3555494979,0.2293719455,0.6350732957,0.1111111111,0.7388160621,0.1822221589,0.9954799141,0.6617238506,0.5139551338,0.1111111111,0.2022964175,0.9290842247,0.1111111111,0.4061254562
0.8690133268,0.5440477808,0.9407862882,0.4759456815,0.661492349,0.2584506368,0.5775327088,0.7547540222,0.7066180935,0.5007084404,0.4025842338,0.1709282605,0.2697175363,0.5206751196,0.4369348154,0.9766421702,0.1210692264,0.646446134,0.9766421702,0.5007084404,0.5054788383,0.2031038909,0.7855518238,0.1475772427,0.3136140863,0.6378294495,0.3882319728,0.1522279585,0.7036226156,0.1343928482,0.8032839836,0.1334073275,1,0.691928823,0.5258842321,0.1164944365,0.2570977121,0.9533048184,0.1378733024,0.4048765041
0.8829511891,0.5563510398,0.9556951685,0.4467832908,0.7404427617,0.3357260047,0.5563604742,0.8501759888,0.6331449245,0.5215247725,0.3098198734,0.2289882,0.3210049543,0.4878431044,0.4695318312,1,0.1638354835,0.6494248859,1,0.5215247725,0.4552909918,0.2305429483,0.8630215651,0.1831013043,0.3888641873,0.6051781145,0.4356534401,0.1204220733,0.7515763814,0.1948615836,0.8307490666,0.1117193215,0.9952982199,0.7274906604,0.5364877404,0.1302677913,0.3292234169,0.9741890532,0.1617336663,0.4120450763
0.9445774083,0.5416354448,0.9824028279,0.4150672617,0.8437187779,0.4069188292,0.6140702651,0.8951919614,0.5410236669,0.5413299629,0.2658837964,0.1644899591,0.4126348443,0.4858006351,0.5907421369,0.9730516782,0.1677902779,0.6403320625,0.9730516782,0.5413299629,0.4015976249,0.301706947,0.9360552378,0.2147473269,0.4702739571,0.5747293911,0.4851361142,0.1462534668,0.7946940332,0.2870295743,0.8393794821,0.1111111111,0.9854213378,0.7669705583,0.5459545404,0.154008085,0.4113586378,0.9901776461,0.1803961155,0.4177631411
1,0.579442514,1,0.4103116075,0.8984417451,0.4593047975,0.6935991002,0.8594505431,0.4585895004,0.5102446798,0.1745300483,0.1933398869,0.4960083789,0.4659710889,0.6645858054,0.995222857,0.2351057379,0.6334866806,0.995222857,0.5102446798,0.3485222079,0.4009403275,0.9874498687,0.2427022933,0.5185777652,0.549456309,0.5293405321,0.2278921933,0.8405121607,0.3983408077,0.8529485599,0.1309381277,0.9732296978,0.8088142382,0.5549199427,0.1843264563,0.496056531,0.9993984729,0.1939481007,0.4180800424
0.9242369802,0.5861825602,0.9779530366,0.4047079226,0.9632959983,0.5110064158,0.5721857493,0.8145646744,0.3754768119,0.4533239913,0.1549338702,0.1854756529,0.5532215867,0.4470788988,0.7641564856,0.9854940635,0.2315996418,0.5955917247,0.9854940635,0.4533239913,0.3009225514,0.5004411139,1,0.2706627695,0.5249582571,0.5309021873,0.5693452704,0.3555197367,0.8743587818,0.5085087906,0.8829968086,0.1666044035,0.9587958909,0.8513296169,0.5622530645,0.2142764326,0.577232256,1,0.2046909638,0.4110036777
0.9007744385,0.603165544,0.9617222891,0.3980207314,0.9706227761,0.5526680073,0.6507803039,0.8111262125,0.3138514888,0.429397299,0.1111111111,0.2323297793,0.5686010055,0.4546261037,0.8380534101,0.9939489522,0.314321962,0.5798848038,0.9939489522,0.429397299,0.2634866669,0.573059056,0.9611249712,0.3047329694,0.5100674792,0.5193447401,0.6109277173,0.5172627133,0.8716704247,0.5933884479,0.9249541178,0.2047923273,0.9422772812,0.8925891924,0.5655225514,0.2374057427,0.6510621148,0.9905604691,0.2148667267,0.394034433
0.8131847386,0.6380115483,0.9366186933,0.3901307049,1,0.6134750551,0.58770918,0.8279467968,0.2610594708,0.3908640042,0.1135298617,0.1111111111,0.6571740701,0.4427157291,0.8684003664,0.9303147897,0.376906501,0.5557497789,0.9303147897,0.3908640042,0.2397599877,0.6064242631,0.8669832245,0.351187528,0.5098994732,0.5147053216,0.6571051959,0.6951503159,0.8190484251,0.6328140239,0.9661754831,0.2314229055,0.9256106939,0.9303638583,0.5639720587,0.2514158109,0.7160245643,0.9704446413,0.2245507982,0.366722505
0.7389239061,0.6565475382,0.8774287454,0.3922722608,0.9983874078,0.6356960005,0.5968363823,0.8279839693,0.2564850807,0.3497332472,0.1498775483,0.1999510286,0.682841602,0.4861633027,0.9225571238,0.8670392838,0.4123126149,0.5255163393,0.8670392838,0.3497332472,0.2314177223,0.6045752084,0.7247869515,0.4138621174,0.5555831556,0.5177854217,0.703435221,0.8588805897,0.7192223146,0.6203729017,0.9940676625,0.241292162,0.9102308831,0.9621962335,0.5600961099,0.2577561512,0.7722315297,0.9399850753,0.2318260648,0.3337068214
0.6292073932,0.6576311913,0.8462891176,0.4024629484,0.9340239435,0.6440614127,0.6508377981,0.7978370215,0.2706113584,0.2493700971,0.1887221358,0.2191218992,0.7003004245,0.4960907227,0.9375264546,0.8337785456,0.5113014114,0.5234076287,0.8337785456,0.2493700971,0.2380250019,0.5763612679,0.5527902495,0.4921425634,0.6507523486,0.5310091172,0.7401479593,0.9705256764,0.5835423483,0.5725296342,1,0.2396018194,0.8948385493,0.9856518432,0.5578897438,0.2582790057,0.8204899936,0.9004736603,0.2355706517,0.3032170886
0.5399421455,0.6769288443,0.7767054315,0.4090514944,0.8592837987,0.6345801015,0.5984462196,0.7502747285,0.3304840416,0.2256339099,0.2164772011,0.3015811287,0.7676785467,0.5091352239,0.9711752733,0.8113704729,0.5653364304,0.5197372039,0.8113704729,0.2256339099,0.2573659173,0.5259880816,0.3777900421,0.5804111353,0.7626329205,0.5579490988,0.7592057955,1,0.4282253386,0.5253347088,0.9795103741,0.2367688574,0.8768009946,0.9986861855,0.5596506345,0.2533379779,0.8615302277,0.8540609533,0.238649833,0.2809712919
0.4400414117,0.6389847654,0.7430111839,0.4217655903,0.8045222695,0.6347818315,0.6902069431,0.7202504501,0.3956296672,0.1509339781,0.3098745786,0.3252170406,0.7784737484,0.5225401608,1,0.7525701684,0.6089049338,0.5377880835,0.7525701684,0.1509339781,0.2862271325,0.4544964936,0.230031801,0.6692955745,0.8449807954,0.601582703,0.7604448339,0.9397711723,0.2764926373,0.5138740353,0.9286988409,0.243078177,0.8548285372,1,0.5644525562,0.2429047488,0.8955860165,0.803638947,0.2476303271,0.2646717561
0.3402190351,0.6253079589,0.7130921297,0.4227424962,0.7399800179,0.593018609,0.6179511228,0.7143511645,0.5122625955,0.1378184433,0.3806943455,0.3811308797,0.772436331,0.5285217577,0.9688852719,0.7074687032,0.6527253053,0.5728909798,0.7074687032,0.1378184433,0.3213856873,0.3661845643,0.1360224709,0.7483265947,0.8736582075,0.6620943469,0.7525717355,0.8092663342,0.1595814091,0.5494237237,0.8430308759,0.2667992485,0.8294070072,0.9892556535,0.5694123056,0.2288412385,0.9222101387,0.7526392422,0.2678068087,0.2457864544
0.2619307167,0.5684472312,0.6891292014,0.4339148628,0.6666491385,0.5627280794,0.6560841427,0.6946608585,0.6076390063,0.1111111111,0.4567150124,0.409116606,0.8268819921,0.5446606501,0.9718542853,0.6605479972,0.6922079497,0.598373875,0.6605479972,0.1111111111,0.360498244,0.2718131178,0.1111111111,0.8089857189,0.8578234971,0.7354717469,0.7495525924,0.6470585391,0.1111111111,0.6129093555,0.7234139904,0.3128509815,0.8020734746,0.9670914853,0.5715700195,0.2161644451,0.9401046536,0.7046002403,0.2979788423,0.2192401526
0.1759528232,0.5297670275,0.6614801943,0.4134380245,0.5868749014,0.5626239203,0.6032182372,0.6449574258,0.7092420458,0.1251058997,0.5486861476,0.4066536316,0.8275150021,0.5528773951,0.9620108298,0.6504352872,0.6993908525,0.6407522191,0.6504352872,0.1251058997,0.4026181832,0.187191582,0.1547584587,0.8469755566,0.8239855823,0.8137754252,0.7651791059,0.4971275842,0.1537097245,0.6697667582,0.5816992074,0.378511774,0.7758062999,0.9349566511,0.5682907106,0.2112440214,0.9469398917,0.6624981114,0.3298838187,0.1905459698
0.1247931955,0.4573175703,0.6208290633,0.3973588538,0.5486003751,0.5628857863,0.621084556,0.5853363536,0.7917613405,0.1486625726,0.6170559038,0.445398667,0.8148820296,0.5444635077,0.9613140658,0.6239973998,0.7327400442,0.6785742421,0.6239973998,0.1486625726,0.4481829981,0.1293911356,0.2509683363,0.8629135288,0.7950394653,0.8870443798,0.807155805,0.3970942568,0.2841783857,0.6931722155,0.4381585682,0.4485233164,0.7547054406,0.8948522887,0.5577913153,0.2169781044,0.9394155005,0.6281022398,0.3520963833,0.1689521561
0.1111111111,0.3719678096,0.5949085832,0.3638640287,0.5000732678,0.5862670369,0.5804074182,0.5360696986,0.8698539675,0.2036892021,0.682881869,0.4943556837,0.826283015,0.545981132,0.9731324257,0.5909282272,0.7019095327,0.6647566386,0.5909282272,0.2036892021,0.4984664994,0.1111111111,0.3742621186,0.8613344552,0.7791531617,0.9459794604,0.871546984,0.3684545087,0.4663061746,0.6768109451,0.3146912484,0.4977609062,0.7408139939,0.8490728072,0.5413473709,0.2298617935,0.9138473111,0.6017382174,0.3554868992,0.1543151509
0.1279599687,0.3139336996,0.559099348,0.3548013969,0.5002271652,0.6557489866,0.5528964494,0.4908957426,0.9069598583,0.2831334405,0.7779321245,0.623323359,0.8234378736,0.5463307807,0.9554470468,0.5202134227,0.7149693561,0.6359996928,0.5202134227,0.2831334405,0.5546722025,0.1360233259,0.4988889469,0.8485552042,0.7741696368,0.9843007047,0.940927571,0.408647665,0.6392626438,0.6332610119,0.2309966895,0.5051998201,0.7311151725,0.8000014932,0.5240454371,0.2426931799,0.867263919,0.5826636219,0.3376514294,0.1378438452
0.1312891406,0.2262406253,0.526504181,0.3522270749,0.4930357049,0.7394797153,0.4624437186,0.4107888715,0.9444663524,0.3752499233,0.7990092501,0.4855408281,0.771789708,0.5217352248,0.9411478521,0.4784581389,0.6616013209,0.5813561447,0.4784581389,0.3752499233,0.6169831454,0.1996012769,0.6071702645,0.8303568844,0.780453446,1,0.9903375153,0.4925102912,0.7446967671,0.5869783304,0.2047650745,0.4678205958,0.7193772281,0.7499608388,0.5110145393,0.2494287776,0.7986395339,0.5698811194,0.3038664294,0.1179558224
0.1924565837,0.1534909203,0.4994311515,0.3695854514,0.4808750066,0.8056114143,0.5480669376,0.2824208631,0.9919378564,0.4730009571,0.8638856896,0.6256711065,0.7375459124,0.5047227685,0.874049924,0.4332039796,0.6241289564,0.4998114745,0.4332039796,0.4730009571,0.6839310398,0.2926654781,0.6931113581,0.8103927228,0.8038312807,0.9952498838,1,0.5859568846,0.7592005039,0.5638625228,0.2467893967,0.4017367992,0.7021462281,0.7010810085,0.50338489,0.248056129,0.7097812411,0.5629121115,0.2638364261,0.1111111111
0.2516102839,0.1224307996,0.4845727695,0.3924440944,0.4985399029,0.874952919,0.5445741657,0.1706615554,0.980019905,0.5504009305,0.9127452331,0.676183686,0.695651545,0.5134329274,0.8502489988,0.3528912622,0.5463157306,0.3870469877,0.3528912622,0.5504009305,0.7523434615,0.4024522649,0.7598445117,0.7897752193,0.8453164269,0.9752029434,0.9668300107,0.6622452586,0.7054980898,0.5747284951,0.3461488145,0.3347538733,0.6826391377,0.655157155,0.4999640394,0.2422703885,0.6055561432,0.5620351136,0.2270682767,0.1449384132
0.3477827512,0.1111111111,0.4979043206,0.4187569111,0.5348092058,0.9372849437,0.5234163046,0.1470941511,1,0.6472250844,0.9210291608,0.7185727712,0.6632523268,0.5196191061,0.8435609521,0.3000591144,0.5445386617,0.2845049906,0.3000591144,0.6472250844,0.8179180164,0.5120681181,0.8129346259,0.767686341,0.8956024564,0.9462010427,0.9062718184,0.7096347002,0.6305439124,0.6042855687,0.4635713971,0.2990731848,0.6679068423,0.6135012008,0.5011566248,0.241084996,0.4933970143,0.5678058827,0.2003449572,0.2390331491
0.4278533946,0.1148728368,0.4788129929,0.444767428,0.5538377943,0.9733920649,0.5442723212,0.1872776907,0.9578114535,0.7194411243,0.9695995483,0.7538898071,0.6817729723,0.4675035918,0.7572598536,0.2403339201,0.47318072,0.2033870173,0.2403339201,0.7194411243,0.8762343439,0.6013878153,0.8539334619,0.7424527903,0.9426207709,0.9139981781,0.8433934097,0.7296335494,0.5700190963,0.6212378283,0.5512543795,0.3212080992,0.662393501,0.576826792,0.5080849326,0.2526050247,0.3822431226,0.5801374222,0.1874634678,0.3855980388
0.4936816784,0.142619878,0.503218524,0.4436521006,0.5762107588,1,0.5041126311,0.2152872161,0.9465444826,0.7990209143,0.9472094984,0.68027424,0.5799947079,0.5049282467,0.6838999256,0.1871527573,0.4519165291,0.1242509148,0.1871527573,0.7990209143,0.9238455081,0.6519301996,0.8780975422,0.7125235995,0.9788991847,0.8824971986,0.7998218682,0.7313767347,0.5300196106,0.6025387849,0.5826044255,0.4067855126,0.6648885824,0.5452164037,0.5195287295,0.275777166,0.2812331801,0.5975523434,0.1892720598,0.5441616452
0.6014965034,0.2293811487,0.5309272379,0.4093426569,0.5635939773,0.9828657155,0.5487424943,0.1969611431,0.9085622719,0.8139132744,0.9601824418,0.7052496642,0.602097441,0.4647250003,0.613517887,0.1398612229,0.4297334863,0.1111111111,0.1398612229,0.8139132744,0.9590686004,0.6564028293,0.8771240034,0.6770447994,1,0.8532600121,0.7844271454,0.7240708485,0.4959697722,0.5490140777,0.5617726213,0.5315008092,0.6709065555,0.5182061238,0.5335106067,0.3005111077,0.198524624,0.6171820033,0.2033548325,0.6600585091
0.6758929387,0.3067898718,0.6056736325,0.3792845039,0.5407056844,0.9348080054,0.4346740259,0.1450496602,0.888832554,0.8181813186,0.943809962,0.872847148,0.5388175476,0.4712306984,0.5248398025,0.1308740863,0.353062995,0.1308901821,0.1308740863,0.8181813186,0.9821917055,0.6253076358,0.844428479,0.6360159294,0.9994233239,0.825778399,0.7917938908,0.7097373181,0.4540304916,0.4809750391,0.5105920649,0.6506810353,0.6762749346,0.4949938799,0.551416101,0.3174842719,0.1404688515,0.6356525324,0.224658242,0.6963368716
0.7684195569,0.4429194788,0.6783519731,0.3410340246,0.5181272896,0.8633087555,0.4776078106,0.1111111111,0.8519520027,0.8485558715,0.9223577152,0.9500635548,0.5305918217,0.4680187657,0.468568788,0.1111111111,0.3437765278,0.2077074957,0.1111111111,0.8485558715,0.9950307658,0.580359559,0.7793606874,0.5902008273,0.9645614739,0.7982571105,0.8074526346,0.6824803138,0.4075430035,0.4208743871,0.4533121262,0.7226333202,0.6785256683,0.4747521223,0.5768184927,0.326447089,0.1111111111,0.650425424,0.2478602266,0.6526788446
0.8163109122,0.5269405565,0.7523711922,0.3215913701,0.4499027186,0.7731916116,0.4816898979,0.1253296161,0.8212307288,0.8361803752,0.8791523432,0.861972612,0.5386106283,0.4385125051,0.3980713617,0.1466670157,0.3490470993,0.3109629663,0.1466670157,0.8361803752,1,0.5387444973,0.6882633594,0.5410127591,0.8783758863,0.7685255844,0.815444851,0.634990933,0.3784567253,0.3776945809,0.4125686576,0.7267403207,0.6777886098,0.456988333,0.6089122464,0.3339666263,0.1118383277,0.6608114946,0.2699184027,0.5572639667
0.8647869026,0.638750089,0.8306762316,0.3176614719,0.4004206762,0.6639356507,0.4257768004,0.1468153569,0.8177504867,0.8044393155,0.817530862,0.8587318563,0.4803941338,0.4500099966,0.345743055,0.1690912303,0.3301103555,0.4031932894,0.1690912303,0.8044393155,0.9990471928,0.5035399105,0.582644832,0.4904866023,0.7324356383,0.7347225429,0.8042051401,0.5646358573,0.391076903,0.3444856206,0.4101681535,0.6660220365,0.6780684105,0.4418625613,0.6397795444,0.3444686034,0.1411428766,0.6680154349,0.2908363435,0.4454050357
0.8951960456,0.7384703322,0.9067118181,0.3247257424,0.3379432438,0.5511969102,0.4566080585,0.1549003892,0.8217565208,0.7685364547,0.7775726333,0.8667545272,0.4668626956,0.4191776746,0.3110956891,0.2291654397,0.3492196756,0.5055668274,0.2291654397,0.7685364547,0.9928444847,0.4674459519,0.4759864535,0.4412263381,0.5450811605,0.6956106428,0.7696060565,0.4742925834,0.4515637697,0.3102618542,0.4591412336,0.5615429149,0.6849565184,0.4303510067,0.6602257432,0.3556846356,0.19470664,0.67412807,0.3124219518,0.3455238026
0.8873887316,0.8570785799,0.9571388258,0.3304217083,0.2803141049,0.4286239586,0.4418033052,0.1766835105,0.8472198749,0.7206610889,0.7385717454,0.9156251238,0.4850974657,0.3977970271,0.2598946311,0.2720942864,0.3797610052,0.5609561536,0.2720942864,0.7206610889,0.9805082213,0.4243646114,0.3805140762,0.3960864231,0.3658648167,0.6506712583,0.7152351635,0.3709409072,0.5435855723,0.2751761487,0.5505105531,0.4453797575,0.6993914418,0.4241679003,0.6667872821,0.3630005183,0.2660206464,0.6806049608,0.3362355529,0.2753194888
0.8782091491,0.8970184441,0.9472441296,0.3676539144,0.2047886978,0.3389792205,0.3899148008,0.2097670907,0.8799692036,0.6846739663,0.7134190837,0.9059892767,0.4587765041,0.3833424,0.2610973256,0.322526956,0.409654008,0.5814296721,0.322526956,0.6846739663,0.9598933694,0.3798178371,0.3046469612,0.3574879327,0.2523509052,0.6002667628,0.6495207286,0.2657863623,0.6403213321,0.253415029,0.653318839,0.3484565125,0.7150535676,0.4254347616,0.661888736,0.365962956,0.3474885257,0.6870625028,0.3623826994,0.2408014093
0.8747459984,0.9701960886,0.9372484368,0.4074556693,0.1672223099,0.2696351623,0.4036846588,0.2326282163,0.9140705688,0.6454592498,0.6702058966,0.957495688,0.4628127933,0.3698437275,0.213917084,0.4162811141,0.4366645211,0.5598740521,0.4162811141,0.6454592498,0.9283012452,0.3519237022,0.2515796777,0.3266077574,0.2330699402,0.5459785697,0.5806258357,0.1759309966,0.7192819669,0.2614708074,0.7333853756,0.2857371122,0.723760648,0.4361799143,0.6498836244,0.3693110057,0.4316894195,0.6910232499,0.3894704427,0.2365932334
0.8265866853,0.952802421,0.8771495195,0.4497521937,0.1111111111,0.2328130486,0.4694148888,0.2480920021,0.9409610726,0.6165530506,0.6530206541,0.8853924735,0.4808569797,0.3526588647,0.2642704864,0.4193786224,0.5174162072,0.5104204291,0.4193786224,0.6165530506,0.8833349015,0.3606491288,0.2193803007,0.3029022155,0.2901611986,0.4908794321,0.5124696764,0.1230138751,0.7742876763,0.3067413477,0.7750776258,0.2538721527,0.7225188518,0.4578153945,0.6344988931,0.3791358226,0.512433693,0.688730409,0.4148986115,0.2504817758
0.7979436274,0.9489475149,0.7933847228,0.4978103943,0.1284289495,0.2203262153,0.3007556892,0.2830527967,0.9751625886,0.600818805,0.6483980662,0.8962958162,0.4791281139,0.2888405332,0.2859855577,0.4701646696,0.5635033909,0.4779910766,0.4701646696,0.600818805,0.823658566,0.4145764023,0.2026320542,0.2842923129,0.375110983,0.439318715,0.4449101257,0.1243214059,0.8174712103,0.3868176086,0.7884851634,0.2447558615,0.7142764849,0.4907306227,0.6164707685,0.3988568147,0.5853880446,0.6766326466,0.4358755384,0.2713157967
0.7536900013,0.904386595,0.7220995411,0.5211315561,0.1223642005,0.230719142,0.3245151623,0.3491641982,0.9596141688,0.560792977,0.6383479425,0.8953451945,0.525417476,0.3101021514,0.3250043409,0.5079062807,0.6109571918,0.4418516619,0.5079062807,0.560792977,0.7495208991,0.5050212378,0.1950355489,0.2679437968,0.440179015,0.396015302,0.3776155838,0.1836998712,0.8626645431,0.4922061963,0.7976186662,0.2561622762,0.7029143237,0.5340740955,0.5923020269,0.4271475205,0.6481690551,0.6528633913,0.4513642275,0.2937747342
0.7057580463,0.8675907053,0.667465728,0.5531530672,0.1352999947,0.235009097,0.3243426797,0.4001965499,0.9550322674,0.5734780438,0.6565296009,0.9511438067,0.5341877266,0.2910202582,0.3634550618,0.5507347857,0.6141381916,0.4346495433,0.5507347857,0.5734780438,0.6629952188,0.6081161062,0.1919587307,0.2512477958,0.4629557381,0.3647133819,0.3141059347,0.2935461465,0.9044471853,0.6057168009,0.8205517375,0.2864224014,0.6894808763,0.5857119055,0.5600883337,0.4581728004,0.699879632,0.6180879055,0.4629372916,0.3160888557
0.635260802,0.8334832416,0.6154881255,0.5741024478,0.1861141785,0.2448402439,0.3458598795,0.3885894174,0.9163490007,0.5749969547,0.7145600775,0.9420120772,0.506966938,0.2756729111,0.4002814793,0.5540417029,0.6645071316,0.4745426214,0.5540417029,0.5749969547,0.5679535309,0.6944961339,0.1919707115,0.232582498,0.4530108625,0.3469968029,0.2626336118,0.4427406732,0.9195708508,0.7039895191,0.8588601681,0.3255009949,0.6736813318,0.6423176139,0.5283060004,0.4847010342,0.7402185119,0.5754243681,0.4731878044,0.3359269247
0.6299341271,0.7844772733,0.605287469,0.6141905921,0.250014899,0.229059338,0.3279360665,0.349480165,0.8554322448,0.5738711435,0.7337850418,0.9139111241,0.5355122829,0.3082460374,0.4738189268,0.5555730063,0.6719652236,0.5234512299,0.5555730063,0.5738711435,0.4697876835,0.7444656377,0.1968637995,0.2116572472,0.4421448088,0.3418334977,0.2331764488,0.6168327929,0.8881886641,0.7641374996,0.9020496146,0.3582194084,0.6567933408,0.6995748801,0.51490153,0.5024792449,0.7685211292,0.529585276,0.4832336759,0.3510060098
0.6218141957,0.7473638801,0.6237015253,0.6432575197,0.3050779127,0.233119474,0.28353618,0.3456885636,0.7974949768,0.5472978976,0.7492470711,0.9811315999,0.549004243,0.3289794628,0.5012811914,0.5791053436,0.7211261299,0.5889934821,0.5791053436,0.5472978976,0.3748872379,0.7561442402,0.210302495,0.189474274,0.4662615646,0.3460862854,0.2323048724,0.7908973815,0.8069320565,0.7727109584,0.936810777,0.3749532209,0.6408689396,0.7525243566,0.5346934819,0.5117297872,0.7832115697,0.48570124,0.4917778093,0.3627071236
0.6016503761,0.7354885606,0.6392490606,0.6467721534,0.3910080454,0.2296466533,0.3102997244,0.3566544694,0.7111899799,0.5607083488,0.8043742655,0.9392898424,0.5620231474,0.3501183319,0.5407264652,0.5883847803,0.7086260133,0.6546134237,0.5883847803,0.5607083488,0.2898939429,0.7380354755,0.2357654401,0.168019866,0.5428903487,0.3557855288,0.2588969652,0.928713078,0.6844879566,0.7360279817,0.9526090098,0.3769526128,0.6257950534,0.7960986929,0.5864321951,0.51454022,0.7819850878,0.4483072291,0.4969211775,0.3768519478
0.5930586767,0.7251638314,0.6951935719,0.593718527,0.4532225553,0.2433336525,0.3658534832,0.3201695998,0.6291739433,0.5603203781,0.801521781,0.8647956704,0.509124617,0.4081525808,0.5971860942,0.6168338667,0.7006035504,0.7254771973,0.6168338667,0.5603203781,0.220819238,0.6967118504,0.2746399,0.1497526192,0.6535354018,0.3676192263,0.3036521366,0.9948132712,0.5349873344,0.6836488355,0.9435137451,0.3732578634,0.6091330637,0.8258291629,0.6508781918,0.5119038608,0.7626803437,0.4207439167,0.4996213809,0.3992501315
0.6134506663,0.7396678724,0.722616109,0.5284265292,0.542430457,0.2410865332,0.2963142632,0.2426090492,0.5576837612,0.5691499173,0.8299606611,0.9607652505,0.5686799616,0.4777177981,0.625970879,0.6088894124,0.6895027006,0.7222051286,0.6088894124,0.5691499173,0.1721906047,0.6338012977,0.3251445173,0.1369179161,0.7530104248,0.3799704545,0.3536320529,0.9710255257,0.3783937862,0.6541973902,0.9058956484,0.3746330577,0.588819807,0.8386038816,0.7022777092,0.50368615,0.7244450867,0.4049478741,0.5052840483,0.4292109663
0.6598966739,0.7454070925,0.7788233896,0.4918245388,0.6125852308,0.2582463532,0.2812076654,0.1854004763,0.5033529829,0.5589132057,0.8429414195,0.9108288053,0.5562695635,0.5446346124,0.6170860287,0.65503356,0.6559436189,0.7087739899,0.65503356,0.5589132057,0.1464287777,0.5515565331,0.3823749211,0.1307853733,0.8046487718,0.3930141389,0.3994937567,0.865868543,0.2428211581,0.6708954232,0.8351176231,0.3902634461,0.5647008203,0.8332697588,0.7237948113,0.4907065232,0.6686309426,0.4014625036,0.5205011761,0.4578403051
0.6261218193,0.7784240008,0.7987880408,0.482456266,0.6654502112,0.2639918287,0.2698381898,0.1946564442,0.4607702852,0.5530167104,0.8661325096,0.8392585151,0.5397269039,0.6061281518,0.6347980355,0.6854676692,0.6419416226,0.6616431196,0.6854676692,0.5530167104,0.1436105498,0.4580071452,0.4394237473,0.1310735476,0.8045802043,0.407852932,0.4401322003,0.7115041583,0.1621400462,0.7266072432,0.7288455047,0.4267862255,0.5379020521,0.8108728158,0.7114409853,0.4766678807,0.598969294,0.4095415427,0.5471670924,0.4752461321
0.7075403713,0.8352053527,0.8224212449,0.4679745113,0.702066572,0.2711928245,0.2035617649,0.2572922112,0.468316652,0.5790917126,0.8876589991,0.8597833015,0.5497073605,0.6805847317,0.6369016414,0.693041295,0.59239825,0.6124520945,0.693041295,0.5790917126,0.161644337,0.3672215074,0.4892699369,0.1359447454,0.7748400598,0.4251992425,0.4807447715,0.5513077405,0.1654817133,0.7903969148,0.5941966696,0.4853579992,0.5107161367,0.7744219158,0.6653009266,0.4678512372,0.5209713384,0.4273415456,0.5796779773,0.4807054057
0.7051937111,0.8773435832,0.840651131,0.4928961123,0.7444426916,0.3067739155,0.211395348,0.3196305977,0.4788728022,0.5712319169,0.893598419,0.8553038569,0.4844440361,0.7510798659,0.6479167256,0.7567452605,0.5604903031,0.5458701528,0.7567452605,0.5712319169,0.1967527548,0.2963281052,0.5268782384,0.1428187977,0.7419440601,0.444350442,0.5257872638,0.426762734,0.2618931741,0.829746641,0.4487018198,0.5562563474,0.4870033222,0.72821795,0.5863585796,0.4692121806,0.4409529222,0.4522705579,0.6072858948,0.4822484804
0.7612577774,0.9246826583,0.8441978939,0.4906293406,0.8098823859,0.3403760094,0.2862815275,0.3598513098,0.4915574083,0.5525441115,0.9195052307,0.7993035976,0.5026788062,0.8030064211,0.5956061708,0.818254794,0.4796360041,0.5187918515,0.818254794,0.5525441115,0.2440902966,0.2605962527,0.5507491394,0.1497882394,0.7205743781,0.4629717976,0.5729225679,0.3672471526,0.4289343448,0.8293380061,0.3143478602,0.6173257975,0.4701642333,0.6769362673,0.4867260489,0.4799019663,0.3652570236,0.4815027617,0.6192532126,0.4838486964
0.7564142383,0.9493374919,0.8220707273,0.4693889565,0.8180750557,0.370099269,0.1433222298,0.3811363188,0.5192123135,0.5012836189,0.9531098431,0.8997238156,0.5119091801,0.8302455445,0.6311455721,0.8154364978,0.4126857527,0.5005626036,0.8154364978,0.5012836189,0.2983509556,0.2677079083,0.563244422,0.1568829307,0.7114137407,0.4776909731,0.6132367585,0.3807688947,0.6137295749,0.7946318869,0.2118528623,0.6437386228,0.4594062839,0.624731986,0.3940126608,0.4936481298,0.2999443329,0.512536615,0.6100126041,0.4786181505
0.7796331821,0.9820299946,0.7924163436,0.4519223885,0.7964417802,0.3889725175,0.2723248134,0.3775324389,0.5526987525,0.4808079975,0.9873787328,0.7394864482,0.5154567584,0.8255773621,0.6228997919,0.8164006518,0.3515984291,0.4955722528,0.8164006518,0.4808079975,0.3543068808,0.3161143938,0.5695146485,0.1663089132,0.7124712019,0.4851121501,0.6374707341,0.4505046367,0.7527063879,0.7461048528,0.1597596067,0.6240057419,0.4492419395,0.5746207221,0.3338528616,0.5034360855,0.2507187687,0.5435904831,0.5818259438,0.4601474273
0.7645341697,1,0.7416269364,0.4476997367,0.8499938651,0.3995722813,0.2016644567,0.3702224546,0.5811090455,0.4421391511,1,0.8075135122,0.5195951459,0.8282257652,0.6153241478,0.7845486691,0.3139115104,0.4909703487,0.7845486691,0.4421391511,0.4072870223,0.3982478725,0.5755435567,0.1813205284,0.7280628987,0.482793011,0.6429934297,0.5439360827,0.8047581791,0.71076635,0.1730984209,0.5669720703,0.4343020072,0.5282780296,0.3095761236,0.5053476777,0.2226242881,0.5736854752,0.5431366422,0.4380111227
0.7803639759,0.9862714266,0.6948795913,0.4592523647,0.8301975425,0.3639350123,0.1720118294,0.3949106116,0.6404158764,0.4131091236,0.9518203638,0.8308613569,0.4940004441,0.8315065117,0.6419298809,0.7653921075,0.2577076279,0.4962203246,0.7653921075,0.4131091236,0.4536047013,0.5028876257,0.5862145211,0.2042821596,0.7626132522,0.4699005647,0.6363309704,0.6296851134,0.7742963861,0.7078206221,0.2518990622,0.4965424956,0.4149641094,0.4862418259,0.3083391557,0.5005407822,0.2192992725,0.6024179606,0.5040094425,0.4383975147
0.755622545,0.9600670381,0.6890124612,0.5095159225,0.8347513628,0.3316352261,0.1989478564,0.4400920021,0.6496698152,0.3877389899,0.9433019853,0.8154497629,0.4935988572,0.7990821721,0.6671287721,0.6901575585,0.2007229545,0.46060016,0.6901575585,0.3877389899,0.4908893252,0.6148877756,0.604096527,0.2350708003,0.8108000498,0.4474435086,0.6305318561,0.6895636245,0.7024758115,0.7329842255,0.3678591209,0.4439847981,0.3974218975,0.4483647784,0.322934026,0.496192441,0.2420305879,0.6295642076,0.4724821322,0.4885962204
0.7053520498,0.9333587854,0.6761514355,0.565435988,0.8154703686,0.2735165502,0.1472605816,0.4661797061,0.6573914459,0.4293679906,0.9107524014,0.8111719653,0.4718519029,0.7446076448,0.7160353907,0.6185963925,0.1913133518,0.4165808269,0.6185963925,0.4293679906,0.518223679,0.7151644754,0.6290493873,0.2708090427,0.8604038325,0.4180819837,0.6400028692,0.7201336699,0.6334471933,0.7590034716,0.4728947997,0.4398385456,0.3879017686,0.4143032411,0.3550095057,0.5018984408,0.2890917275,0.6546968651,0.4535650738,0.5959680685
0.6427920384,0.8796454832,0.6523132677,0.6480036276,0.804508247,0.2125379042,0.1757776987,0.4744933496,0.6514324702,0.4560789863,0.8910976107,0.8065628905,0.4569251202,0.7069608923,0.7765118419,0.5358972849,0.1685631396,0.3618177719,0.5358972849,0.4560789863,0.5360052471,0.7836055431,0.6583266297,0.3071319359,0.9017496472,0.3855673811,0.6746876656,0.7281622855,0.5859453546,0.756522418,0.5288088495,0.5002487488,0.3875184218,0.3838725967,0.4013871844,0.521081995,0.3557677817,0.676937775,0.4493654533,0.7348852918
0.5915130477,0.818060166,0.6711375485,0.7164745471,0.8092653941,0.1515081873,0.1111111111,0.5010085381,0.6356061317,0.518418076,0.8049760225,0.7413156748,0.4789919827,0.6269843263,0.7695308881,0.4604271508,0.1413585948,0.3150059828,0.4604271508,0.518418076,0.5455344936,0.8070070873,0.6869483823,0.3403385263,0.9297211282,0.3539193346,0.7342169977,0.7238458044,0.5516333922,0.7158156227,0.5276140881,0.6133991155,0.3926540558,0.3572032038,0.4528123625,0.5466142128,0.4351869286,0.6948932757,0.4588423442,0.8550078648
0.5445636044,0.7935364752,0.6756271443,0.7675314034,0.8148253317,0.1111111111,0.2103604526,0.546007783,0.6143215719,0.5937498248,0.7524199717,0.8340300958,0.5117662424,0.5762220269,0.790660145,0.3867457186,0.1393623075,0.2596126929,0.3867457186,0.5937498248,0.5484403407,0.7883875235,0.7084678188,0.3693702199,0.9392811221,0.3265267541,0.8045899691,0.7127902885,0.5137868823,0.6507650469,0.4860195776,0.7406799892,0.3986995985,0.3347366865,0.5078987815,0.5674444942,0.5197617793,0.7067725235,0.4778414944,0.9102291251
0.4754646123,0.7309468807,0.6957773857,0.7876582102,0.8185413051,0.1179801462,0.1936152705,0.5778702445,0.556602132,0.681962934,0.6524696948,0.8470651356,0.5296089547,0.5029935696,0.8374232159,0.3386689004,0.1846738309,0.2312124838,0.3386689004,0.681962934,0.5461182359,0.7464987879,0.7163223382,0.3967122229,0.9206565305,0.3054692462,0.8618110952,0.6919012324,0.4674003332,0.5852647972,0.4284734591,0.836213145,0.4024156997,0.3171464539,0.5764460742,0.5791525056,0.6027732283,0.7106709647,0.5007965117,0.8859861711
0.4124904845,0.6930039408,0.6829470213,0.8135605355,0.8345515416,0.153091385,0.2034898972,0.6097196956,0.5245290719,0.7464415411,0.6177436261,0.8775570463,0.5667176308,0.4783248478,0.8508481271,0.3503609033,0.1699950559,0.222432796,0.3503609033,0.7464415411,0.5393396696,0.7022586196,0.7055908161,0.4278135492,0.8577619729,0.2914104865,0.8833351515,0.6534912074,0.4277297961,0.5351157564,0.3781141687,0.8694305856,0.4026671777,0.3052427923,0.6623485197,0.5864103368,0.6795335387,0.7049652053,0.5234952404,0.8020739061
0.3575916284,0.6442270236,0.6792823301,0.821818095,0.8240626808,0.2065115388,0.1917323358,0.6753497125,0.5057101259,0.8263547148,0.5449310275,0.845437556,0.5797574993,0.4362583867,0.8586279186,0.4044146037,0.1976599595,0.2204509252,0.4044146037,0.8263547148,0.5281125563,0.6648992984,0.6745824616,0.4691886091,0.7363368244,0.2842600448,0.8608892952,0.5925805295,0.4208706775,0.4992500651,0.3573593959,0.8340077311,0.4018148935,0.2998698001,0.7494339491,0.5955754226,0.7477399079,0.688705262,0.5447254447,0.6937813135
0.3226921633,0.6310713369,0.659659285,0.8354852311,0.8414050586,0.2898847713,0.1235442292,0.751371319,0.4658729712,0.8338210444,0.5096153151,0.8655014349,0.6424051995,0.4304036304,0.8344453265,0.4211236975,0.2126642972,0.2545192848,0.4211236975,0.8338210444,0.5117805867,0.6302759449,0.6256978891,0.5258348572,0.5617713202,0.2843719024,0.8054201557,0.5099149717,0.4623013822,0.4663295335,0.3845638463,0.7442717596,0.4054301501,0.3017721877,0.8118238886,0.6070940553,0.8070212665,0.6618676652,0.5657862883,0.5932009692
0.2633801244,0.5839220736,0.6214528658,0.8350079155,0.8431929326,0.3676963835,0.170186389,0.7848452111,0.4473600861,0.85485719,0.4733027961,0.7961204553,0.6617412708,0.4183147117,0.8336021089,0.4733494317,0.2607766863,0.3259260911,0.4733494317,0.85485719,0.4892957998,0.590256925,0.5653396587,0.5988935512,0.3717986386,0.2935671147,0.740670783,0.4108857956,0.5442202712,0.4305344086,0.4610586028,0.6287830532,0.4171199814,0.3114274384,0.8357579971,0.6164274533,0.8580395928,0.6254085178,0.5885672082,0.5219414081
0.216808258,0.5977576318,0.5811492819,0.8638536869,0.8748488195,0.4583344505,0.1505664974,0.7504977638,0.44002654,0.8442878274,0.4779902488,0.8247543327,0.7219452804,0.4107265905,0.7873627206,0.5166840084,0.2800772395,0.3981157363,0.5166840084,0.8442878274,0.4596005252,0.5447074854,0.5029039037,0.6844972885,0.2250672852,0.3151490723,0.6903862205,0.3047778349,0.6422872501,0.4010081392,0.5636402457,0.520858506,0.4333498704,0.3288850856,0.8258958624,0.6208662415,0.9016194449,0.5811822649,0.6138324699,0.4897087929
0.1736345828,0.5855855156,0.5471936313,0.911107929,0.869835761,0.515395959,0.2791953688,0.6742140907,0.4442554097,0.7711668888,0.4923605189,0.8134044859,0.7379747255,0.4493255778,0.7152321151,0.5849208063,0.3500219218,0.456196443,0.5849208063,0.7711668888,0.4220755778,0.5072292705,0.4489379969,0.7743754226,0.1661270159,0.3525644201,0.6673760792,0.2060735213,0.7305424808,0.3951083447,0.6565089738,0.4434547114,0.4457186481,0.3536824736,0.7949267081,0.6232832649,0.9382017081,0.5318296412,0.640785143,0.493879683
0.1416826528,0.5953694537,0.5366186933,0.94668385,0.9032094091,0.5868377542,0.2114384686,0.6233471569,0.4621824123,0.6938988034,0.5359238191,0.8306164998,0.7358783055,0.4380252286,0.6720771278,0.65683535,0.3225683075,0.5394588006,0.65683535,0.6938988034,0.3770102532,0.4987923339,0.4126788043,0.8580966783,0.196254569,0.4072319172,0.6697839451,0.1351693326,0.7949216108,0.4247167509,0.714332573,0.3998573591,0.4485201363,0.3848817508,0.7545380156,0.6297755509,0.9676010179,0.4806233098,0.6672706913,0.5221599257
0.140951859,0.6075760811,0.5366216638,0.9849009172,0.9058035793,0.6220038942,0.2181796621,0.6293672533,0.4458077479,0.6084906602,0.555688411,0.892075632,0.7912088193,0.4924919446,0.6267830307,0.7064129328,0.3690612786,0.6110820272,0.7064129328,0.6084906602,0.3259963568,0.5339554161,0.3995634072,0.9261157881,0.2761765108,0.4767154465,0.6848441726,0.1125837287,0.840869734,0.4910813211,0.7369398902,0.3819379452,0.4426362468,0.4212067361,0.7107578955,0.6452467983,0.9888488838,0.4311308739,0.690369726,0.5598288096
0.1413172559,0.6216049023,0.5624619406,1,0.9197910641,0.6132222541,0.2279105534,0.6509961085,0.4681839521,0.5281668018,0.5668052857,0.8518470507,0.8030181982,0.4881261711,0.5568736377,0.759755515,0.3926295954,0.6761345591,0.759755515,0.5281668018,0.2720891095,0.6113686952,0.4096453263,0.9724438103,0.3540555833,0.554342629,0.6963058777,0.148263438,0.8844781939,0.587560265,0.7449008874,0.3847736268,0.4322592617,0.4611956977,0.6592620836,0.6704612612,1,0.3866146117,0.7080892609,0.5968892893
0.1417232524,0.6144162099,0.5760608356,0.9679243932,0.9147429493,0.6472175939,0.240329298,0.6505351687,0.4855042908,0.439574661,0.6317598755,0.9297116087,0.8210011256,0.5150524706,0.4936034736,0.7721324599,0.3734269909,0.7323840172,0.7721324599,0.439574661,0.2195867952,0.7127728245,0.4377211243,0.9959620391,0.3950170938,0.6305875211,0.6910024747,0.2384039116,0.9298636202,0.7002843344,0.7609165403,0.4078406774,0.4197297963,0.5032756686,0.5920992632,0.7012503989,0.9980669884,0.3493343092,0.7209751286,0.6288038945
0.2060087492,0.6162245992,0.6040636279,0.8893105176,0.9359870993,0.6103495164,0.2205081768,0.628094093,0.5167753929,0.3631894929,0.6523133943,0.8876682042,0.8178156563,0.51548358,0.4719460962,0.7764427953,0.3572607953,0.7921612054,0.7764427953,0.3631894929,0.1733878417,0.809391463,0.4752879801,1,0.3957388827,0.6956022703,0.6626517186,0.372662771,0.9591947543,0.8078875904,0.7936353334,0.4450313028,0.4048835216,0.5457226035,0.5177028106,0.7304213,0.9793990658,0.320124242,0.7315070077,0.6522835812
0.2489347665,0.5810990537,0.5886170892,0.7879764206,0.9466091742,0.5979775926,0.198990977,0.5842230354,0.5228961123,0.2997696538,0.6270786748,0.9287033736,0.833620485,0.4955472793,0.4105776096,0.7753041339,0.3775921417,0.8279934301,0.7753041339,0.2997696538,0.1380531623,0.8757507278,0.5135705205,0.990512766,0.3806615428,0.7418077036,0.612905913,0.5386695208,0.9485572659,0.8862947495,0.8364283541,0.4821061156,0.3881744635,0.5865602304,0.4685066708,0.7520449443,0.9406227604,0.2985473865,0.7416671699,0.6637503015
0.2912599089,0.5804260845,0.5228118641,0.7002139965,0.9400185799,0.5579247343,0.349237663,0.5468633095,0.5170029857,0.2382145654,0.6624065005,0.8986723704,0.8390657318,0.482370358,0.37790071,0.8137786765,0.3725221317,0.8793833409,0.8137786765,0.2382145654,0.1168539339,0.9026026579,0.5462921878,0.9737114647,0.386501529,0.7655997135,0.5493414221,0.7166414529,0.8874667455,0.9169094446,0.8762112636,0.5059676444,0.3716875756,0.6235109496,0.4807302243,0.7646082403,0.8798825262,0.2835949802,0.7511044106,0.6624863016
0.3569948134,0.5689303887,0.4804170565,0.631439186,0.9139717095,0.5264017364,0.2998214087,0.5692943486,0.5133645053,0.2413872059,0.6089517217,0.9303885666,0.8403862041,0.4501811013,0.3201624969,0.7661032256,0.3310432,0.9085762983,0.7661032256,0.2413872059,0.1111111111,0.89576761,0.5709723149,0.9541267399,0.4412839888,0.7677359205,0.4807053342,0.8742751072,0.7806856589,0.8966837392,0.9008800317,0.5133039176,0.3564694394,0.6540993055,0.5643693159,0.7698760367,0.797901575,0.2745380127,0.757787011,0.6532106656
0.4321813181,0.5499768128,0.3691277161,0.5781421287,0.8878547265,0.4606249801,0.3203899543,0.6469034094,0.5081521542,0.2054843452,0.5913796354,0.9478022275,0.7949320067,0.3798347538,0.2860432515,0.7349449102,0.3599613802,0.9457760139,0.7349449102,0.2054843452,0.1200533385,0.86369137,0.5883080081,0.9337589367,0.5423807001,0.7524848167,0.4122440297,0.9737373099,0.6404176057,0.8461300648,0.9026089047,0.510647437,0.3408060919,0.6759292647,0.6905772262,0.7694924194,0.6984663756,0.2714015624,0.7610860434,0.6436928083
0.4890857972,0.5361447057,0.2924297108,0.5579166766,0.8331703213,0.4340910977,0.3606358857,0.7417938084,0.5057333358,0.2120787482,0.570486163,0.9841563053,0.7726269147,0.3434415292,0.2322637229,0.7629010128,0.3550499538,0.949779393,0.7629010128,0.2120787482,0.141232632,0.8096830901,0.6002500516,0.9123716855,0.6523138238,0.7259782399,0.344635463,0.9879051051,0.483848637,0.8029036416,0.8773369663,0.5086801487,0.3221392962,0.6870592111,0.8074812907,0.7636061944,0.5881843728,0.2747356271,0.764652691,0.6382911242
0.5592333973,0.4933714683,0.2076222727,0.5534792328,0.8035477029,0.3885077724,0.3325212279,0.8422396469,0.469345702,0.2084884621,0.5374598625,1,0.6988506275,0.2600986642,0.2024626391,0.6843290077,0.3102174461,0.9718772528,0.6843290077,0.2084884621,0.17136388,0.7348965088,0.6080671909,0.8884718194,0.7263649609,0.6943622733,0.277132984,0.9138252042,0.3356043116,0.7994282092,0.8209382658,0.5174016016,0.2995190838,0.6863415508,0.8725287967,0.7523510135,0.4755983121,0.2847942041,0.7752747091,0.6332619292
0.6339372532,0.5112379399,0.1357364583,0.5502175764,0.7638533943,0.3559756136,0.4252880998,0.9137224836,0.475903079,0.1988533066,0.5138244882,0.9067094446,0.7020769362,0.232442938,0.1667900982,0.7184234119,0.3623308053,0.9733438372,0.7184234119,0.1988533066,0.2073170657,0.6446403407,0.6115377109,0.8603742801,0.7461614271,0.6623053885,0.211960339,0.7749702747,0.2279506608,0.8417139572,0.7292312612,0.544670282,0.2736399717,0.673607451,0.8712877169,0.7380885032,0.3699253835,0.3006482766,0.7974318717,0.6200872567
0.7079138881,0.4953489626,0.1146459921,0.5385122073,0.684033584,0.3350774043,0.355518903,0.9059534181,0.4232362496,0.2420796183,0.528027126,0.9542693356,0.649019813,0.1866501141,0.1343661639,0.7039349262,0.4001343296,0.9500568549,0.7039349262,0.2420796183,0.2469605069,0.5507115931,0.6095215034,0.8269368697,0.7253123218,0.6322170769,0.1562427227,0.6117980972,0.1937485683,0.9065649379,0.6047657349,0.5945059861,0.2462282029,0.6496469468,0.8058040424,0.7262978184,0.2797914805,0.3198703938,0.8286237932,0.5956908485
0.7854226932,0.5014988665,0.1111111111,0.5182851642,0.6328478028,0.3092534074,0.4124812695,0.8399535343,0.3779880946,0.2576387458,0.5254684864,0.9262259959,0.6137223622,0.1425422996,0.1111111111,0.6812271368,0.4240244778,0.9301786904,0.6812271368,0.2576387458,0.2895967863,0.4694459604,0.6012253228,0.7878541342,0.6910355868,0.6042632416,0.1199577577,0.4679435497,0.2522203671,0.9591812521,0.4611974842,0.6623344353,0.220546139,0.6160211258,0.6785512248,0.7231329437,0.2122689159,0.3391227313,0.8597042553,0.5676472195
0.8189945495,0.5409797311,0.1407862882,0.4785597798,0.5931499886,0.3011714386,0.3204474485,0.7806447116,0.316257613,0.3118300842,0.5435477679,0.857637201,0.4997996319,0.12487388,0.1324844573,0.6844118988,0.5069916697,0.9305552459,0.6844118988,0.3118300842,0.3358555366,0.4176131616,0.5871729942,0.7436312062,0.664135819,0.5770049237,0.1111111111,0.3789941348,0.394787964,0.9757530268,0.3195437135,0.7307181637,0.2006325459,0.5747974125,0.5029617724,0.7304766194,0.1722782503,0.3554148491,0.8792498032,0.5450069859
0.8583721568,0.5612171253,0.1925618975,0.4429058972,0.5164452858,0.3036739123,0.4305344444,0.7290380438,0.235548545,0.3821557287,0.573166717,0.9701130304,0.4712665389,0.1111111111,0.1156067921,0.6438519915,0.5773048256,0.9174947171,0.6438519915,0.3821557287,0.3870675075,0.4066050005,0.5693321204,0.6954551057,0.6503186573,0.5483096911,0.1309081628,0.3628159796,0.5799869913,0.9535224671,0.2014490866,0.7740287273,0.1878005772,0.528297721,0.3211265045,0.7438777947,0.1621982768,0.3673275784,0.8790172258,0.526170835
0.875147935,0.5940649286,0.1942847807,0.4199072417,0.4757893814,0.3000989499,0.4282490504,0.6540888657,0.1739307332,0.4784559938,0.6158836499,0.9286745669,0.4154459529,0.1707373775,0.1389506046,0.6349346578,0.6679819774,0.9064556965,0.6349346578,0.4784559938,0.4443266905,0.4385001958,0.5505184078,0.6451372651,0.646994758,0.5161499761,0.1720091998,0.4125751403,0.7450785717,0.9075984882,0.1262429923,0.7735582247,0.1782016827,0.4789045869,0.1867685644,0.7560207669,0.1815765178,0.375451208,0.8579513439,0.5028586947
0.9134415314,0.6217394962,0.2544965765,0.3916437953,0.4467827032,0.2919020716,0.3998900424,0.5995957484,0.1238803448,0.577173474,0.6222099136,0.9645533338,0.3461415747,0.2066210078,0.181715049,0.6015295583,0.752283137,0.8936329922,0.6015295583,0.577173474,0.5075691845,0.5077715089,0.533547101,0.5950944653,0.6557180961,0.4790475233,0.2217760926,0.5004096968,0.8355582758,0.8635829668,0.1111111111,0.7298043133,0.1656165295,0.4289173532,0.1227140115,0.7613975882,0.2270650529,0.3817231065,0.8223903452,0.4766676661
0.8755417517,0.6603244488,0.2705669177,0.375976707,0.4220749855,0.3146030834,0.4511892313,0.6244995063,0.1115868277,0.6558234532,0.6972888697,0.8893389939,0.2479841952,0.29949738,0.2548885816,0.557924495,0.8392708887,0.8800968144,0.557924495,0.6558234532,0.5750264189,0.6046472627,0.5205286045,0.5481522585,0.6823637916,0.4362153778,0.2692265468,0.5924650775,0.835915067,0.8460882545,0.1643560805,0.6614190325,0.1476009099,0.3804203876,0.1111111111,0.7588504669,0.2928366221,0.3880002416,0.7823030227,0.4672394064
0.8622940836,0.6964285261,0.2995885874,0.3692720142,0.4343727542,0.3381850681,0.5267078469,0.686007086,0.1111111111,0.760425339,0.7605475989,0.962594477,0.2144210554,0.3896063197,0.3176150923,0.5343921576,0.9042435097,0.8839812812,0.5343921576,0.760425339,0.6432797937,0.7157005919,0.512485008,0.5069834979,0.7261950417,0.3876674354,0.3109222942,0.664298716,0.7752432983,0.8618563136,0.2701194141,0.5974399815,0.1283963139,0.3351376344,0.1299616352,0.7531198562,0.3715403044,0.3946482463,0.7468341872,0.5025989067
0.8614414908,0.7131131947,0.3153915846,0.3613772145,0.4388073829,0.3343700725,0.5792431609,0.6998073997,0.1267096063,0.8022851438,0.7896390337,0.8192810563,0.1615272896,0.4701014074,0.4185526725,0.5150174617,0.9562029497,0.8758159734,0.5150174617,0.8022851438,0.7079294615,0.8233566412,0.509320709,0.4732950664,0.7766933774,0.3345029359,0.3509282313,0.7066895353,0.7009560626,0.8915717583,0.3856281269,0.5699960409,0.1150529644,0.2942867371,0.1771070832,0.753670608,0.4555531749,0.399901175,0.7222503994,0.5990396469
0.818580433,0.7087961831,0.334937397,0.327653278,0.44400624,0.3482128379,0.582031629,0.6698890631,0.1669452112,0.8586636259,0.8470208632,0.8012768578,0.1479005596,0.5693592408,0.5299661215,0.478680636,1,0.879581528,0.478680636,0.8586636259,0.7646459482,0.9072786636,0.5101079915,0.44717883,0.8222868324,0.2792488686,0.3946639101,0.7228728294,0.644252124,0.9035818293,0.4648214068,0.6031890951,0.1111111111,0.2584746589,0.2521615594,0.7675392529,0.5381450516,0.4003135563,0.7118651221,0.7431241705
0.7822193802,0.7082688512,0.3472352181,0.2876383221,0.4570436977,0.347242491,0.5222664209,0.6666494744,0.2367253175,0.8769740849,0.858016605,0.8365362803,0.1388954827,0.7207757366,0.6154395355,0.4631363798,0.9961753375,0.8765096282,0.4631363798,0.8769740849,0.8102371366,0.9501289165,0.513567423,0.4270432902,0.8563164514,0.2258639252,0.4419153808,0.7225744894,0.6065273817,0.8782796507,0.4863916677,0.6978339502,0.1145391398,0.2276826956,0.3407394244,0.7918092941,0.6142747915,0.3920741391,0.715996169,0.8901251011
0.7172842889,0.6993187049,0.3778906563,0.2337653039,0.4875241801,0.3551763542,0.5833252482,0.710150665,0.3246152016,0.8664670028,0.9080562174,0.8441556571,0.125541015,0.8066665737,0.6587942322,0.4640220054,0.998973871,0.8883810345,0.4640220054,0.8664670028,0.8433550116,0.947416072,0.5185459262,0.4102131807,0.874354881,0.1790767595,0.4851127995,0.714202486,0.5717941853,0.8205899679,0.4587226182,0.8249771664,0.1206990376,0.2013721687,0.4319163388,0.8156997601,0.6808820714,0.372568665,0.7316907576,0.9861895814
0.6552480132,0.6669512982,0.3815740617,0.1680071279,0.5138907293,0.3537259408,0.5697422464,0.7633594703,0.3908875243,0.8666208722,0.9631521517,0.8123386374,0.1111111111,0.8591213216,0.7812649262,0.4939936697,0.9874532412,0.9167217874,0.4939936697,0.8666208722,0.8645922199,0.9123935317,0.5242996165,0.3938923877,0.8690904737,0.1431414235,0.5143167059,0.6982495875,0.5282660058,0.7525385096,0.4048784374,0.9387017466,0.1256627887,0.1787126886,0.5362165602,0.8310680055,0.7366204865,0.341510856,0.7536490353,1
0.6140962009,0.6635077661,0.4254184675,0.1343245587,0.537806524,0.353422069,0.6401007586,0.7958297032,0.4603421403,0.8665182926,0.9664344627,0.755690227,0.1702669107,0.9403737336,0.8054652703,0.498753362,0.9293836696,0.9553286313,0.498753362,0.8665182926,0.8759389508,0.8671410133,0.5304921669,0.3760413059,0.826782033,0.1205192455,0.5246159706,0.6680234315,0.4828221614,0.6951471218,0.348807724,1,0.1273061733,0.1589076596,0.668297447,0.8392710545,0.7810914889,0.3012021394,0.7767856659,0.937370886
0.5861717568,0.6227955403,0.4661795066,0.1174116767,0.5676570086,0.348072393,0.6714494644,0.7845850032,0.5408559142,0.8738014444,0.9899576914,0.7104780835,0.1979900233,0.9893617516,0.8826640571,0.488723543,0.8660901688,0.9757220823,0.488723543,0.8738014444,0.8798032758,0.8267832727,0.5369653613,0.3558770795,0.7306177228,0.1111111111,0.5201452137,0.6167080003,0.4593335339,0.6544473979,0.3130590515,0.9924245558,0.1263565627,0.1415549441,0.8151039515,0.8471597204,0.8138553778,0.2559116164,0.798578602,0.8292999376
0.5536254479,0.5922392837,0.4986944704,0.1199891808,0.6054442516,0.3424265058,0.6783200198,0.7245513156,0.5628490414,0.9125582162,0.991325321,0.6503872703,0.2417970335,0.9832986939,0.9112535705,0.4908874361,0.7750445433,1,0.4908874361,0.9125582162,0.8779628176,0.792067609,0.5434437695,0.3339603367,0.5755011424,0.1124216999,0.5126483124,0.5426640586,0.4802505326,0.6216906825,0.3188429481,0.9224749184,0.1274004405,0.1269461254,0.9363061228,0.858096825,0.8336848752,0.2107531353,0.8194642308,0.7107046145
0.4687047694,0.5587599247,0.5663800146,0.1114293215,0.6266323114,0.3646219158,0.7040630424,0.6708258117,0.576494595,0.9034139774,0.9708108773,0.698379262,0.3212908298,1,0.8924941987,0.4888762371,0.6893627739,0.9952038726,0.4888762371,0.9034139774,0.870831485,0.7550071236,0.549352088,0.3119721388,0.3853909026,0.120606408,0.5167229465,0.4495447659,0.5476631087,0.5868664396,0.3762894777,0.8136263288,0.1357021174,0.1161941556,0.9987232536,0.8689295958,0.8384673188,0.1705685776,0.8413480354,0.6084213961
0.4568902693,0.5655689934,0.6399114795,0.1111111111,0.6551822054,0.3795678126,0.7703682143,0.6982108381,0.5591835202,0.9194054047,0.9558841774,0.5535534887,0.4068084303,0.9514211454,0.8925873964,0.4838853224,0.6146186065,0.9627804657,0.4838853224,0.9194054047,0.8572786479,0.7108916391,0.5538507543,0.2922717816,0.213546298,0.1319595941,0.5441116916,0.3449677223,0.6424089845,0.5527724967,0.4721408562,0.698809592,0.1509386169,0.1111111111,1,0.8753787595,0.8258594385,0.1391698335,0.8655903997,0.5383119815
0.4130385798,0.5226542599,0.7018651695,0.1138477204,0.6736463866,0.3948482237,0.8251314281,0.8047325318,0.5699772783,0.9835506281,0.9323609487,0.4568349339,0.4579256843,0.8914229122,0.8901908834,0.4675208809,0.546534949,0.9197540498,0.4675208809,0.9835506281,0.8350092463,0.6676449606,0.556079192,0.2772689858,0.1151184275,0.1441879516,0.5977401058,0.2410119437,0.7374113271,0.5350305997,0.5732368733,0.6071694928,0.1659294651,0.1138404519,0.9588463815,0.8779779624,0.7944085782,0.1190052869,0.892030576,0.5043842469
0.4016666159,0.5615622378,0.7478174338,0.1291059084,0.6785051971,0.4203274921,0.7863084779,0.9060835221,0.558550066,0.9731461256,0.9064932122,0.4739893343,0.57792953,0.8397827714,0.8985032334,0.4570068036,0.4981063256,0.8573647559,0.4570068036,0.9731461256,0.8013154179,0.6446824147,0.5554989902,0.268668347,0.1111111111,0.1568769702,0.6672875451,0.1558243883,0.812210159,0.5491369152,0.6472229157,0.5502184979,0.1729762566,0.1263418135,0.8963369817,0.8820209644,0.7446092061,0.1111111111,0.9190461665,0.4996191227
0.3772378023,0.5795598522,0.8166911732,0.1624225357,0.6579972305,0.5035041016,0.876876197,0.9440181216,0.562513536,1,0.852182688,0.444116768,0.626815458,0.7391174159,0.8770189374,0.4803777215,0.4222427448,0.7786963749,0.4803777215,1,0.7539309669,0.6608545371,0.5521837802,0.2667851769,0.1766605609,0.1709391635,0.7305971388,0.1111111111,0.8640295383,0.6006378388,0.6828399812,0.5226356002,0.1702499236,0.1498788604,0.8271106019,0.8933852706,0.6793694546,0.1151890295,0.9438987298,0.511358734
0.3849923368,0.5978680678,0.881801304,0.2177434111,0.6717883999,0.5941370615,0.9168921517,0.9471034443,0.5718025276,0.987580541,0.8031785665,0.4021021702,0.7007904967,0.6491200662,0.8992665671,0.4891249103,0.4273640612,0.7029056704,0.4891249103,0.987580541,0.6917573125,0.7220060328,0.5469072048,0.270291942,0.2611384324,0.1873761358,0.7633492582,0.1223199999,0.9069128138,0.6858255805,0.6937725687,0.5169681483,0.1612691577,0.1846422588,0.7515627913,0.914780249,0.6036650991,0.1297597766,0.963951707,0.529237615
0.3574657694,0.6000043139,0.9175006312,0.2675910678,0.6427897846,0.6758070797,0.9501956599,0.9589800778,0.5851926965,0.9780919278,0.7751656053,0.2987724737,0.7885134221,0.5857071785,0.8954188323,0.4919693827,0.4034692488,0.6316811963,0.4919693827,0.9780919278,0.6153407987,0.8165634949,0.5409386092,0.2767329294,0.3197685224,0.206067182,0.7524656902,0.1908973281,0.9525798879,0.7940022429,0.704370232,0.5318225314,0.1495658194,0.2295638423,0.656602044,0.9440312767,0.5236332507,0.1524487556,0.978612797,0.5488508702
0.3570963125,0.644903444,0.9361552971,0.3063013611,0.6059175124,0.7709266175,0.8903585841,0.982603241,0.6291639282,0.9438340042,0.7195851393,0.3617583621,0.9090916052,0.4649667787,0.9567118731,0.5681331841,0.4384275973,0.5624861579,0.5681331841,0.9438340042,0.527066643,0.9188317157,0.5355740598,0.2837845761,0.3355812766,0.2252332171,0.7038942296,0.3081654463,0.9917068906,0.906672436,0.7302244277,0.5645245582,0.1357362842,0.2822998974,0.5414407294,0.9747749795,0.445667099,0.1804483203,0.9897940063,0.5686331352
0.3750819606,0.6639253522,0.951037443,0.335926748,0.5508474873,0.8591975486,1,1,0.6577494852,0.8963249942,0.6474094654,0.3373302654,1,0.4011596063,0.9605107901,0.6050546099,0.4495144544,0.5477192383,0.6050546099,0.8963249942,0.4310872349,1,0.5315810745,0.2906828331,0.3228931475,0.2417696822,0.6390693818,0.4627488131,1,1,0.7702680497,0.6035742905,0.1196086142,0.3393396824,0.4423406612,1,0.375939745,0.2110821087,1,0.5862793782
