1,25.747,-26.696,-222.78,2.7862,-220.35,-152.62,16.318,-206.04,-223.56,-147.42,-221.23,-89.886,-221.23,-205.98,-222.89,-23.884,35.939,-269.33,-45.521,-270.33,-181.76,-4.0606,-255.97,-270.97,-187.38,-271.22,-102.67,-271.22,-255.03,-269.04
2,26.239,0.81547,-226.08,-24.682,-227.06,-135.5,16.099,-119.27,-226.25,-131.38,-227.19,-86.331,-227.19,-119.27,-226.35,-21.42,-40.907,-271,-62.244,-276.83,-170.13,-11.025,-169.75,-271.04,-174.2,-276.92,-99.847,-276.92,-169.72,-271.58
3,43.883,-11.66,-626.81,-0.98306,-513.22,-119.46,40.344,-91.564,-526.19,-113.8,-482.9,-249.96,-482.9,13.683,-8.6091,-5.7761,50.541,-634.17,-56.377,-550.26,-146.93,-8.4504,-142.05,-540.02,-151.18,-495.46,-327.66,-495.46,-36.825,30.133
4,-15.08,-37.309,-485.75,-34.349,-412.12,-110.97,-23.071,-170.27,-480.03,-110.18,-412.05,-75.931,-412.05,-44.155,-190.17,-64.751,-83.574,-502.07,-82.724,-439.86,-127.55,-72.386,-220.68,-493.42,-124.71,-449.95,-88.013,-449.95,-94.38,-209.56
5,50.247,-39.221,-245.75,-53.547,-242.72,-143.76,15.499,-110.68,-249.16,-137.65,-246.22,-85.696,-246.22,-105.62,-27.599,28.14,17.1,-109.2,2.3665,-115.54,-160.36,-16.383,-132.74,-67.663,-157.2,-79.128,-94.687,-79.128,-136.68,-66.974
6,44.816,-1.7599,-461.59,-28.281,-389.75,-104,42.095,-73.407,-423.95,-98.199,-336.69,-301.49,-336.69,20.507,-225.44,86.601,-9.0138,1.6007e+07,50.195,68599,-119.92,25.127,-79.522,1.4794e+06,-115.8,72208,23316,72208,-4.417,-21.62
7,46.127,-130.68,-147.14,-125.16,-142.17,-135.44,-57.904,-136.48,-147.94,-133.41,-142.38,-112.59,-142.38,-136.73,-147.26,90.035,-118.32,-193.91,-165.04,-188.65,-188.47,131.08,-107.26,-195.04,-186,-188.94,-120.16,-188.94,-106.15,-194.13
8,21.467,-18.382,-256.66,-61.516,-258.61,-115.99,23.172,-102.05,-256.67,-110.9,-258.62,-81.958,-258.62,-45.007,-256.77,68.025,81.076,-300.13,12.065,-294.06,-140.67,51.453,-33.374,-300.24,-136.17,-294.09,-79.159,-294.09,-39.268,-300.31
9,69.205,-63.792,-695.57,-129.18,-529.96,-152.62,45.789,-68.622,-592.82,-151.72,-477.07,-84.766,-477.07,-63.532,-66.535,76.906,-106.86,-659.89,24.868,-537.53,-171.07,102.67,-55.4,-237.25,-167.09,-484.71,-77.903,-484.71,-44.509,-65.584
10,63.185,15.192,-217,-149.97,-215.71,-151.81,63.266,-170.56,-218.04,-142.41,-215.87,-83.611,-215.87,-149.89,-217.37,57.383,23.861,-263.44,307.66,-260.04,-197.13,66.155,351.9,-264.56,-181.33,-260.24,-84.961,-260.24,398.68,-263.97
11,3.2952,-27.515,-421.25,-24.756,-429.49,-116.56,-1.2105,-152.15,-456.1,-112.93,-421.18,-231.02,-421.18,-20.298,-57.006,127.57,139.93,-457.24,164.42,-440.22,-143.37,-0.86247,-201.65,-445.77,-143.88,-423.46,-237.64,-423.46,-50.892,-68.236
12,-116.87,-174.31,-490.97,-175.74,-480.93,-205.83,-131.22,-213.71,-180.11,-252.07,-454.03,-113.96,-454.03,-148.35,-184.94,20.002,-64.194,-237.72,333.6,-432.81,-224.13,-166.51,-254.36,-130.47,-245.26,-438.13,-93.075,-438.13,-189.65,293.98
13,172.62,-128.6,-305.08,-129.88,-299.44,-296.46,50.817,-59.188,-143.65,-195.69,-138.99,-85.501,-138.99,-25.031,-83.807,170.8,-114.83,-249.11,156.01,-243.63,-223.79,31.953,-48.006,-141.99,-170.65,-139.67,-88.934,-139.67,-22.93,-54.017
14,-15.08,-37.309,-485.75,-34.349,-412.12,-110.97,-23.071,-170.27,-480.03,-110.18,-412.05,-75.931,-412.05,-44.155,-301.06,-48.794,-61.747,1.9817e+05,-60.204,28.629,-128.65,-51.268,-199.5,1.0613e+05,-122.6,738.89,-86.241,738.89,-76.137,-281.67
15,40.625,-102.9,-226.27,-3.4032,-224.15,-148.9,-15.458,-107.59,-226.31,-143.51,-224.35,-85.205,-224.35,-107.58,-87.271,41.804,-108.05,-269.07,35.476,-266.18,-152.78,11.175,-133.33,-267.47,-146.94,-266.39,-86.305,-266.39,-133.29,-82.424
16,25.747,-26.696,-222.78,2.7862,-220.35,-152.62,16.318,-206.04,-223.56,-147.42,-221.23,-89.886,-221.23,-205.98,-19.087,50.08,-39.07,-201.84,5.1796,-201.72,-153.4,6.2139,-194.51,-195.9,-147.59,-197.05,-85.539,-197.05,-194.29,-31.335
17,-10.156,-34.734,-491.23,-31.7,-418.34,-115.79,-24.421,-111.66,-294.79,-110.49,-287.11,-77.641,-287.11,-111.65,-463.88,0.82244,-35.806,1.1141e+05,-32.564,1127.5,-158.2,-22.372,-156.39,-245.01,-148.52,1581.1,-86.244,1581.1,-156.39,35691
18,46.127,-130.68,-147.14,-125.16,-142.17,-135.44,-57.904,-136.48,-147.94,-133.41,-142.38,-112.59,-142.38,-136.73,-62.167,50.25,-32.598,-125.32,-74.021,-126.9,-175.17,-49.943,-106.44,-116.1,-172.45,-124.94,-111.73,-124.94,-105.08,-61.692
19,26.239,0.81547,-226.08,-24.682,-227.06,-135.5,16.099,-119.27,-226.25,-131.38,-227.19,-86.331,-227.19,-119.27,-4.894,10.44,-2.3777,2332.4,11.18,1910.1,244.42,24.193,1026.3,2353,255.27,1951.9,-1.5647,1951.9,1024.2,-7.951
20,-116.87,-174.31,-490.97,-175.74,-480.93,-205.83,-131.22,-213.71,-180.11,-252.07,-454.03,-113.96,-454.03,-148.35,-100.1,968,1122.4,-470.21,1363.6,-171.33,-140.89,375.04,-234.28,1076.2,-219.53,-341.57,85.701,-341.57,367.52,168.44
21,63.185,15.192,-217,-149.97,-215.71,-151.81,63.266,-170.56,-218.04,-142.41,-215.87,-83.611,-215.87,-149.89,-2.5847,42.786,2.6743,1099.1,1854.7,1025.2,492.51,30.748,915.3,1230.2,394.15,1069.7,-35.264,1069.7,750.6,-0.64326
22,36.349,-21.77,-450.17,-23.712,-386.83,-124.89,20.403,-100,-452.57,-102.93,-371.13,-76.379,-371.13,-99.989,-28.991,8.9904,-32.796,50943,-19.684,1402.2,-149.15,3.7368,-132.89,1.2469e+05,-133.15,742.47,-85.01,742.47,-132.9,-84.849
23,59.157,-5.5203,-550.52,-83.731,-464.34,-128.09,30.189,-146.46,-584.92,-122.13,-457.4,-79.769,-457.4,-144.57,-162.29,58.372,57.715,62114,257.54,227.88,-130.9,54.346,-189.15,1.5488e+05,-127.06,281.66,-79.513,281.66,-189.66,-173.24
24,57.755,9.5515,-229.37,16.208,-225.31,-153.51,49.825,-93.256,-230.38,-145.28,-226.31,-212.76,-226.31,-91.84,-104.54,45.618,26.036,400.37,32.824,400.2,-96.372,56.64,-61.891,472.5,-75.856,473.71,490.06,473.71,-59.953,-94.9
25,59.157,-5.5203,-550.52,-83.731,-464.34,-128.09,30.189,-146.46,-584.92,-122.13,-457.4,-79.769,-457.4,-144.57,-50.096,99.828,-10.84,-180.5,65.125,-463.89,-160.42,36.07,38.704,114.85,-161.39,-444.98,-74.3,-444.98,52.277,-51.28
26,53.549,-0.83715,-247.05,-45.823,-243.29,-147.93,42.03,-123.29,-247,-142.23,-243.96,-231.05,-243.96,-123.27,-194.9,9.5306,33.364,12.946,-35.244,-0.87893,-149.87,8.6642,-138.94,17.917,-147.11,15.359,-15.08,15.359,-139.06,-84.949
27,-116.87,-174.31,-490.97,-175.74,-480.93,-205.83,-131.22,-213.71,-180.11,-252.07,-454.03,-113.96,-454.03,-148.35,-197.94,-100.53,-101.2,14978,11.71,-45.874,-146.89,-144.17,-106.93,-116.98,-246.47,-31.905,-107.26,-31.905,-163.53,-136.8
28,28.469,-64.686,-276.19,-61.559,-274.63,-123.78,1.9276,-64.184,-128.74,-113.11,-271.09,-79.638,-271.09,-49.385,-128.12,150.48,20.693,6.302e+05,7.9857,6304.4,-47.401,36.012,-46.53,-102.77,-16.801,4474.5,-46.56,4474.5,-1.809,-107.9
29,70.838,-65.167,-234.97,-61.998,-233.45,-187.12,14.478,-55.459,-235.03,-122.99,-233.84,-77.762,-233.84,-55.272,-234.95,78.004,-72.763,-231.83,-68.891,-231.17,-178.87,11.667,-53.752,-231.46,-149.77,-226.64,-79.399,-226.64,-53.657,-231.79
30,19.43,-26.999,-438.26,-49.507,-411.84,-108.69,3.8155,-81.981,-455.49,-106.33,-406.73,-78.479,-406.73,-81.981,-153.03,-17.438,-53.789,7.8031e+06,-65.359,72625,-111.75,-30.276,-106.02,1.4519e+07,-108.2,54631,-81.779,54631,-106.02,-135.21
31,-15.08,-37.309,-485.75,-34.349,-412.12,-110.97,-23.071,-170.27,-480.03,-110.18,-412.05,-75.931,-412.05,-44.155,-405.82,-14.769,-35.191,1.0279e+05,-19.111,-331.17,-125.23,-52.842,-148.79,51113,-119.02,-291.28,-83.784,-291.28,-80.166,262.16
32,172.62,-128.6,-305.08,-129.88,-299.44,-296.46,50.817,-59.188,-143.65,-195.69,-138.99,-85.501,-138.99,-25.031,-103.22,171.06,-80.049,-186.77,311.35,-183.13,-155.22,41.286,-61.575,-104.94,-38.934,-100.77,-86.025,-100.77,-21.009,-54.463
33,46.127,-130.68,-147.14,-125.16,-142.17,-135.44,-57.904,-136.48,-147.94,-133.41,-142.38,-112.59,-142.38,-136.73,-149.29,91.247,-22.749,-173.17,-126.65,-168.17,-173.06,43.612,-31.184,-173.61,-171.65,-167.94,-116.83,-167.94,-28.798,-138.63
34,40.625,-102.9,-226.27,-3.4032,-224.15,-148.9,-15.458,-107.59,-226.31,-143.51,-224.35,-85.205,-224.35,-107.58,-14.707,30.267,-81.986,-71.793,18.715,-77.358,-125.71,23.209,-94.145,-76.949,-124.66,-71.455,-84.213,-71.455,-94.044,-0.25623
35,-10.156,-34.734,-491.23,-31.7,-418.34,-115.79,-24.421,-111.66,-294.79,-110.49,-287.11,-77.641,-287.11,-111.65,-22.17,-20.853,-12.241,1.8523e+06,-10.642,24358,-148.23,-20.35,-137.27,336.62,-139.71,36222,-84.335,36222,-137.29,-18.569
36,25.747,-26.696,-222.78,2.7862,-220.35,-152.62,16.318,-206.04,-223.56,-147.42,-221.23,-89.886,-221.23,-205.98,-222.78,31.2,-22.64,-98.463,5.1289,-115.74,-90.827,16.357,-69.787,-82.958,-83.849,-104.55,-82.42,-104.55,-70.799,-98.097
37,63.757,6.5983,-425.63,11.219,-403.25,-109.12,52.294,-88.919,-425.25,-103.25,-385.36,-223.33,-385.36,-18.628,-230.04,63.706,-27.731,1.8261e+05,-22.239,30091,-120.92,33.014,-13.938,1.7526e+05,-108.59,58508,101.82,58508,-40.952,-161.58
38,53.046,15.692,-688.13,22.34,-531.69,-134.49,20.929,-232.97,-692.6,-129.33,-496.88,-81.278,-496.88,-165.19,-247.85,56.327,7.0431,6.1673e+08,13.773,7.0006e+05,-86.276,21.84,798.93,4.4209e+09,-83.136,6.2937e+05,-71.444,6.2937e+05,252.12,4589.4
39,25.747,-26.696,-222.78,2.7862,-220.35,-152.62,16.318,-206.04,-223.56,-147.42,-221.23,-89.886,-221.23,-205.98,-222.89,9.4741,-21.636,165.41,-5.6276,137.09,-87.926,8.9514,160.57,214.88,-82.009,172.3,-78.957,172.3,156.47,183.52
40,53.186,-8.5612,-211.62,-83.933,-210.6,-142.04,21.657,-62.831,-212.32,-136.29,-210.77,-82.693,-210.77,-56.564,-112.75,53.678,27.854,1454.2,239.68,1348.5,203.98,36.544,98.936,1466.4,231.45,1394.8,-19.146,1394.8,45.967,33.872
41,67.231,-26.668,-693.45,-56.267,-553.5,-161.37,24.166,-117.23,-520.52,-155.36,-451.06,-84.559,-451.06,-117.14,-621.16,68.33,28.126,3.303e+08,73.754,2.7994e+06,371.39,57.103,602.33,3.8349e+08,727.72,1.388e+06,-36.354,1.388e+06,584.64,1.8394e+07
42,41.94,-5.9517,-247.54,15.903,-247.42,-134.67,40.07,-197.65,-247.54,-123.88,-247.43,-227.45,-247.43,-49.465,-247.54,21.926,-2.5641,901.81,15.523,883.23,-93.256,15.265,487.04,918.89,-24.897,892.54,747.53,892.54,2.5576,901.88
43,25.747,-26.696,-222.78,2.7862,-220.35,-152.62,16.318,-206.04,-223.56,-147.42,-221.23,-89.886,-221.23,-205.98,80.313,84.345,-18.042,-269.72,-39.422,-263.34,-182.3,37.793,1095.2,-271.38,-184.19,-264.22,-82.916,-264.22,1078,77.639
44,172.62,-128.6,-305.08,-129.88,-299.44,-296.46,50.817,-59.188,-143.65,-195.69,-138.99,-85.501,-138.99,-25.031,-598.95,172.77,74.974,472.27,104.25,473.05,391.35,62.35,-43.228,59.344,203.76,67.754,-77.47,67.754,-10.63,5.0779e+05
45,40.625,-102.9,-226.27,-3.4032,-224.15,-148.9,-15.458,-107.59,-226.31,-143.51,-224.35,-85.205,-224.35,-107.58,-226.27,41.167,-50.584,106.03,35.391,97.646,-95.387,47.898,-41.529,97.436,-98.144,107.53,-78.342,107.53,-41.382,105.98
46,46.127,-130.68,-147.14,-125.16,-142.17,-135.44,-57.904,-136.48,-147.94,-133.41,-142.38,-112.59,-142.38,-136.73,-148.13,53.819,64.283,-39.057,44.319,-44.641,-94.558,-11.871,-4.4086,-21.461,-96.939,-41.171,-71.041,-41.171,-1.2491,-41.71
47,-15.08,-37.309,-485.75,-34.349,-412.12,-110.97,-23.071,-170.27,-480.03,-110.18,-412.05,-75.931,-412.05,-44.155,-179.82,-0.88617,-15.621,3.7306e+07,-8.8696,56938,-112.99,-18.945,559.88,2.0571e+07,-107.64,1.5438e+05,-75.472,1.5438e+05,-44.228,113.7
48,-10.156,-34.734,-491.23,-31.7,-418.34,-115.79,-24.421,-111.66,-294.79,-110.49,-287.11,-77.641,-287.11,-111.65,-42.227,47.05,26.188,89885,34.729,-8.9505,-155.09,-6.402,-145.45,-269.08,-143,105.93,-82.207,105.93,-145.46,17.264
49,-15.08,-37.309,-485.75,-34.349,-412.12,-110.97,-23.071,-170.27,-480.03,-110.18,-412.05,-75.931,-412.05,-44.155,-39.056,339.58,-67.084,2.8111e+05,-61.524,391.06,-127.06,124.34,220.17,1.6356e+05,-123.23,1929.4,-71.47,1929.4,-18.03,-71.801
50,43.883,-11.66,-626.81,-0.98306,-513.22,-119.46,40.344,-91.564,-526.19,-113.8,-482.9,-249.96,-482.9,13.683,-680.21,104.03,32.427,6.3788e+07,68.385,2.3357e+05,-131.29,-5.3609,-111.17,3.2505e+07,-126.4,1.3029e+05,128.3,1.3029e+05,-33.409,2.0698e+08
51,25.747,-26.696,-222.78,2.7862,-220.35,-152.62,16.318,-206.04,-223.56,-147.42,-221.23,-89.886,-221.23,-205.98,-223.88,162.86,59.099,-267.14,-10.807,-260.98,-179.49,4.4692,149.57,-268.64,-179.81,-261.77,-75.428,-261.77,145.05,-267.24
52,50.247,-39.221,-245.75,-53.547,-242.72,-143.76,15.499,-110.68,-249.16,-137.65,-246.22,-85.696,-246.22,-105.62,-245.72,38.975,119.02,-239.08,-53.524,-238.78,-108.76,27.046,-150.33,-232.77,-109.31,-234.35,-83.49,-234.35,-150.93,-240.37
53,44.816,-1.7599,-461.59,-28.281,-389.75,-104,42.095,-73.407,-423.95,-98.199,-336.69,-301.49,-336.69,20.507,-112.25,6.6077,25.792,8930.4,3.7879,-388.27,-131.66,-3.621,-123.67,1971.4,-133.35,-301.34,-374.14,-301.34,-28.037,-169.22
54,26.239,0.81547,-226.08,-24.682,-227.06,-135.5,16.099,-119.27,-226.25,-131.38,-227.19,-86.331,-227.19,-119.27,-2.2443,-3.7337,-13.126,-272.87,-18.877,-273.61,-166.29,-5.5599,-166.39,-273.03,-166.4,-273.74,-95.749,-273.74,-166.36,-29.724
55,63.185,15.192,-217,-149.97,-215.71,-151.81,63.266,-170.56,-218.04,-142.41,-215.87,-83.611,-215.87,-149.89,-69.785,49.133,6.2094,-264.7,174.66,-260.41,-198.15,42.897,365.2,-265.79,-186.71,-260.61,-86.64,-260.61,411.21,-71.317
56,57.755,9.5515,-229.37,16.208,-225.31,-153.51,49.825,-93.256,-230.38,-145.28,-226.31,-212.76,-226.31,-91.84,-225.33,30.685,-8.6714,-263.02,-5.4557,-259.23,-159.55,33.12,41.592,-264.12,-156.32,-259.72,-255.68,-259.72,22.24,-271.72
57,36.349,-21.77,-450.17,-23.712,-386.83,-124.89,20.403,-100,-452.57,-102.93,-371.13,-76.379,-371.13,-99.989,-174.15,33.549,-13.304,-292.27,2.6015,-398.21,-156.77,18.705,-104.18,51.1,-140.25,-393.84,-82.652,-393.84,-104.16,-281.67
58,59.157,-5.5203,-550.52,-83.731,-464.34,-128.09,30.189,-146.46,-584.92,-122.13,-457.4,-79.769,-457.4,-144.57,-555.15,43.079,53.021,15519,-23.648,-358.03,-134.48,37.282,-195.94,38112,-134.13,-345.19,-85.359,-345.19,-196.74,15940
59,-116.87,-174.31,-490.97,-175.74,-480.93,-205.83,-131.22,-213.71,-180.11,-252.07,-454.03,-113.96,-454.03,-148.35,-172.98,-143.98,-145.54,-497.5,-136.85,-510.84,-223.76,-141.43,-259.17,-151.16,-255.8,-472.47,-115.82,-472.47,-164.08,-144.29
60,26.239,0.81547,-226.08,-24.682,-227.06,-135.5,16.099,-119.27,-226.25,-131.38,-227.19,-86.331,-227.19,-119.27,-226.14,51.745,6.7929,-253.2,46.868,-247.19,-29.539,41.173,-164.22,-253.01,-24.962,-247.42,-68.12,-247.42,-164.2,-253.14
61,25.747,-26.696,-222.78,2.7862,-220.35,-152.62,16.318,-206.04,-223.56,-147.42,-221.23,-89.886,-221.23,-205.98,-35.713,-17.75,13.59,-270.11,-34.209,-269.38,-181.77,-3.9506,-256,-271.79,-185.34,-270.26,-101.19,-270.26,-255.06,-117.95
62,-15.08,-37.309,-485.75,-34.349,-412.12,-110.97,-23.071,-170.27,-480.03,-110.18,-412.05,-75.931,-412.05,-44.155,-41.832,-61.642,-80.845,-463.8,-79.353,-439.37,-128.63,-67.38,-220.39,-472.22,-124.57,-449.1,-87.889,-449.1,-93.217,-58.712
63,26.239,0.81547,-226.08,-24.682,-227.06,-135.5,16.099,-119.27,-226.25,-131.38,-227.19,-86.331,-227.19,-119.27,-226.08,6.8611,1.9085,-271.45,31.929,-272.79,-166.76,17.927,-152.95,-271.54,-165.11,-272.94,-94.404,-272.94,-152.93,-271.45
64,43.883,-11.66,-626.81,-0.98306,-513.22,-119.46,40.344,-91.564,-526.19,-113.8,-482.9,-249.96,-482.9,13.683,-112.05,47.099,29.401,-631.01,25.272,-527.62,-148.08,17.44,-27.9,-541.21,-146.29,-494.34,-321.9,-494.34,-7.3116,-134.5
65,50.247,-39.221,-245.75,-53.547,-242.72,-143.76,15.499,-110.68,-249.16,-137.65,-246.22,-85.696,-246.22,-105.62,-249.67,69.092,27.172,747.6,12.854,683.83,-3.4029,25.918,126.01,984.74,-15.558,889.44,-60.955,889.44,30.696,575.09
66,44.816,-1.7599,-461.59,-28.281,-389.75,-104,42.095,-73.407,-423.95,-98.199,-336.69,-301.49,-336.69,20.507,3.1928,47.928,19.56,49091,160.91,-15.336,-124.76,56.383,-85.267,19521,-120.68,183.27,-19.276,183.27,24.394,24.042
67,57.755,9.5515,-229.37,16.208,-225.31,-153.51,49.825,-93.256,-230.38,-145.28,-226.31,-212.76,-226.31,-91.84,-229.81,65.579,-0.20627,-276.01,-1.8035,-270.94,-167.64,23.834,-15.412,-276.96,-177.99,-271.87,-263.23,-271.87,-24.826,-275.68
68,26.239,0.81547,-226.08,-24.682,-227.06,-135.5,16.099,-119.27,-226.25,-131.38,-227.19,-86.331,-227.19,-119.27,-221.18,6.9182,0.89723,-271.98,34.041,-273.85,-166.22,5.1099,-169.18,-272.07,-166.19,-273.99,-95.147,-273.99,-169.16,-267.2
69,59.157,-5.5203,-550.52,-83.731,-464.34,-128.09,30.189,-146.46,-584.92,-122.13,-457.4,-79.769,-457.4,-144.57,-435.74,22.497,-3.9813,2785.1,-52.85,-462.45,-154.6,17.134,-196.74,5939.8,-158.31,-462.31,-94.147,-462.31,-197.56,-327.7
70,36.349,-21.77,-450.17,-23.712,-386.83,-124.89,20.403,-100,-452.57,-102.93,-371.13,-76.379,-371.13,-99.989,-173.01,85.128,-24.055,-360.98,-11.038,-371.44,-156.83,28.155,-53.9,-170.8,-141.9,-381.62,-76.211,-381.62,-53.84,-169.36
71,-116.87,-174.31,-490.97,-175.74,-480.93,-205.83,-131.22,-213.71,-180.11,-252.07,-454.03,-113.96,-454.03,-148.35,-183.66,-123.62,-114.27,-494.04,-116.02,-502.86,-204.5,-117.23,-240.44,-120.4,-255.12,-469.15,-110.08,-469.15,-141.86,-187.47
72,63.185,15.192,-217,-149.97,-215.71,-151.81,63.266,-170.56,-218.04,-142.41,-215.87,-83.611,-215.87,-149.89,-124.94,98.428,21.154,-104.56,569.61,-109.77,-153.49,44.241,126.31,-87.9,-152.16,-103.88,-72.435,-103.88,147.99,11.26
73,-88.948,-111.82,-516.56,-244.44,-551.14,-157.36,-89.267,-158.93,-118.11,-158.64,-497.62,-104.56,-497.62,-103,-58.472,364.65,-35.028,-553.83,3146.8,-144.86,-187.87,311.77,481.27,-46.436,-190.53,-172.67,-83.543,-172.67,266.87,-52.651
74,25.747,-26.696,-222.78,2.7862,-220.35,-152.62,16.318,-206.04,-223.56,-147.42,-221.23,-89.886,-221.23,-205.98,-222.89,100.91,-12.513,186.4,55.886,75.017,-13.271,17.317,303.18,213.29,-7.2953,93.735,-63.89,93.735,298.75,246.28
75,51.005,10.436,-475.39,15.581,-417.95,-103.21,34.013,-144.26,-475.28,-105.04,-405.48,-142.9,-405.48,6.0872,-368.31,102.47,-2.626,5.3098e+06,-3.606,28731,-144.94,34.538,67.451,4.0861e+06,-164.76,22148,-137.75,22148,-20.182,2801.9
76,53.186,-8.5612,-211.62,-83.933,-210.6,-142.04,21.657,-62.831,-212.32,-136.29,-210.77,-82.693,-210.77,-56.564,-209.36,22.287,-35.973,278,18.149,305.19,-13.563,1.4621,-49.281,266.06,0.95041,325.54,-66.295,325.54,-60.413,330.92
77,70.658,-27.538,-653.37,-25.357,-562.56,-150.45,48.029,-102.84,-627.14,-146.5,-497.68,-85.143,-497.68,-77.112,-82.649,28.469,-41.484,1.3945e+06,-35.391,35215,-173.15,-0.026592,-148.28,3.6371e+06,-186.38,12956,-99.259,12956,-134.24,-105.84
78,27.678,-12.359,-238.98,-52.356,-234.64,-161.34,17.589,-109.08,-241.11,-143.71,-236.7,-86.577,-236.7,-108.48,-218.85,88.342,-37.566,8.1464,-33.731,13.479,-101.35,35.275,-66.3,50.242,-125.08,53.836,-70.333,53.836,-70.421,263.84
79,70.658,-27.538,-653.37,-25.357,-562.56,-150.45,48.029,-102.84,-627.14,-146.5,-497.68,-85.143,-497.68,-77.112,-34.871,56.282,-51.746,-419.63,-49.443,-561.13,-179.24,40.642,-22.331,269.45,-187.58,-493.56,-87.413,-493.56,13.116,-57.656
80,25.747,-26.696,-222.78,2.7862,-220.35,-152.62,16.318,-206.04,-223.56,-147.42,-221.23,-89.886,-221.23,-205.98,-8.4399,2.2055,16.455,-269.54,23.752,-267.27,-180.46,10.495,275.87,-271.2,-177.04,-268.15,-96.176,-268.15,269.7,-12.973
81,53.186,-8.5612,-211.62,-83.933,-210.6,-142.04,21.657,-62.831,-212.32,-136.29,-210.77,-82.693,-210.77,-56.564,-186.29,22.779,26.531,-254.72,-79.656,-255.1,-161.48,-15.792,-98.821,-255.3,-160.91,-255.23,-93.814,-255.23,-94.91,-232.75
82,-88.948,-111.82,-516.56,-244.44,-551.14,-157.36,-89.267,-158.93,-118.11,-158.64,-497.62,-104.56,-497.62,-103,-110.94,-104.64,-104.72,55886,1291.3,19128,-143.45,-103.31,-109.97,-112.56,-141.67,4442,-100.43,4442,-117.36,-94.169
83,27.678,-12.359,-238.98,-52.356,-234.64,-161.34,17.589,-109.08,-241.11,-143.71,-236.7,-86.577,-236.7,-108.48,-214.93,32.221,-30.63,1358.3,-5.6109,1293.2,533.78,8.9143,201.29,1610.8,118.97,1544.2,-57.072,1544.2,147.71,854.74
84,51.005,10.436,-475.39,15.581,-417.95,-103.21,34.013,-144.26,-475.28,-105.04,-405.48,-142.9,-405.48,6.0872,-97.525,23.413,-8.9041,5.7794e+05,-5.993,4598.4,-110.38,19.562,401.01,4.3492e+05,-104.62,3607.2,-135.86,3607.2,4.0801,-97.594
85,172.62,-128.6,-305.08,-129.88,-299.44,-296.46,50.817,-59.188,-143.65,-195.69,-138.99,-85.501,-138.99,-25.031,-103.54,170.86,-49.912,1.8343,148.59,5.2044,-6.4965,29.969,-54.638,-86.106,-68.035,-84.505,-86.648,-84.505,-16.141,34.922
86,-10.156,-34.734,-491.23,-31.7,-418.34,-115.79,-24.421,-111.66,-294.79,-110.49,-287.11,-77.641,-287.11,-111.65,-276.98,-49.573,-61.794,6.5788e+05,-62.271,2573.7,-152.97,-62.378,-156.59,-54.35,-146.31,2444.8,-87.268,2444.8,-156.58,-69.008
87,-15.08,-37.309,-485.75,-34.349,-412.12,-110.97,-23.071,-170.27,-480.03,-110.18,-412.05,-75.931,-412.05,-44.155,-101.84,-52.204,-63.892,6.7277e+06,-62.32,7851.9,-123.39,-55.996,-96.611,3.6674e+06,-119.38,21935,-84.766,21935,-76.675,-119.31
88,46.127,-130.68,-147.14,-125.16,-142.17,-135.44,-57.904,-136.48,-147.94,-133.41,-142.38,-112.59,-142.38,-136.73,-93.485,41.012,268.1,259.31,343.8,261.9,360.06,118.71,189.14,262.27,325.94,274.09,55.358,274.09,196.52,-44.027
89,40.625,-102.9,-226.27,-3.4032,-224.15,-148.9,-15.458,-107.59,-226.31,-143.51,-224.35,-85.205,-224.35,-107.58,6.4834,29.117,-56.064,-74.805,14.967,-77.603,-108.31,18.334,-96.96,-79.8,-112.47,-72.199,-83.838,-72.199,-96.839,9.8761
90,25.747,-26.696,-222.78,2.7862,-220.35,-152.62,16.318,-206.04,-223.56,-147.42,-221.23,-89.886,-221.23,-205.98,80.154,41.417,-8.1763,-224.14,0.45404,-223.58,-166.87,7.7509,-186,-220.03,-160.84,-220.59,-86.665,-220.59,-185.98,100.98
91,59.157,-5.5203,-550.52,-83.731,-464.34,-128.09,30.189,-146.46,-584.92,-122.13,-457.4,-79.769,-457.4,-144.57,-22.983,46.329,13.661,2.2192e+06,284.42,25725,-130.19,35.441,-127.76,4.5821e+06,-125.97,26850,-80.545,26850,-126.7,-23.275
92,19.43,-26.999,-438.26,-49.507,-411.84,-108.69,3.8155,-81.981,-455.49,-106.33,-406.73,-78.479,-406.73,-81.981,-454.07,-3.0305,-48.972,9.0928e+06,-55.932,80428,-106.99,-14.793,-90.818,1.6678e+07,-103.73,61928,-79.949,61928,-90.823,1.442e+07
93,-116.87,-174.31,-490.97,-175.74,-480.93,-205.83,-131.22,-213.71,-180.11,-252.07,-454.03,-113.96,-454.03,-148.35,-338.8,-113.18,-63.063,95746,-62.053,2083.4,-172.62,-97.538,-226.14,-66.851,-246.39,1047.2,-102.16,1047.2,-112.6,-293.38
94,70.838,-65.167,-234.97,-61.998,-233.45,-187.12,14.478,-55.459,-235.03,-122.99,-233.84,-77.762,-233.84,-55.272,-51.166,60.53,-96.894,-235.68,-69.379,-237.07,-184.85,14.89,-50.316,-235.37,-155.38,-233.41,-83.991,-233.41,-50.078,-55.54
95,28.469,-64.686,-276.19,-61.559,-274.63,-123.78,1.9276,-64.184,-128.74,-113.11,-271.09,-79.638,-271.09,-49.385,-43.818,4.4061,-60.532,1.0073e+07,-50.923,72133,-98.279,-12.867,-64.658,-111.61,-97.66,46474,-79.714,46474,-58.001,-57.16
96,53.549,-0.83715,-247.05,-45.823,-243.29,-147.93,42.03,-123.29,-247,-142.23,-243.96,-231.05,-243.96,-123.27,-213.03,52.326,-2.5625,17.315,36.311,10.869,-124.88,45.398,-105.17,21.206,-122.29,27.248,11.208,27.248,-105.42,-160.03
97,63.757,6.5983,-425.63,11.219,-403.25,-109.12,52.294,-88.919,-425.25,-103.25,-385.36,-223.33,-385.36,-18.628,-156.43,68.36,-23.935,1.5425e+06,-19.325,3.2606e+05,-83.927,43.66,437.16,1.4756e+06,-82.427,3.237e+05,2603.9,3.237e+05,-24.234,690.18
98,67.231,-26.668,-693.45,-56.267,-553.5,-161.37,24.166,-117.23,-520.52,-155.36,-451.06,-84.559,-451.06,-117.14,-183.37,74.991,-12.503,7.319e+06,-16.038,4.8587e+05,110.13,36.025,644.12,1.6368e+07,229.68,4.3631e+05,-46.52,4.3631e+05,624.92,1016.5
99,53.186,-8.5612,-211.62,-83.933,-210.6,-142.04,21.657,-62.831,-212.32,-136.29,-210.77,-82.693,-210.77,-56.564,-211.83,53.541,-7.028,707.94,27.319,699,26.42,31.186,4.8568,815,42.766,749.58,-53.96,749.58,-9.0419,597.99
100,41.94,-5.9517,-247.54,15.903,-247.42,-134.67,40.07,-197.65,-247.54,-123.88,-247.43,-227.45,-247.43,-49.465,-253.14,5.2793,-17.546,-287.34,-9.4011,-292.12,-140.56,-5.7979,-241.66,-287.45,-169.17,-292.09,-265.77,-292.09,-91.727,-296.99
101,25.747,-26.696,-222.78,2.7862,-220.35,-152.62,16.318,-206.04,-223.56,-147.42,-221.23,-89.886,-221.23,-205.98,-199.68,138.66,-3.9296,-224.53,0.62461,-226.57,-167.04,17.623,560.42,-222.4,-165.04,-224.91,-73.305,-224.91,550.42,-185.86
102,53.046,15.692,-688.13,22.34,-531.69,-134.49,20.929,-232.97,-692.6,-129.33,-496.88,-81.278,-496.88,-165.19,11.276,89.912,0.46015,6454.8,-1.4008,-484.47,-170.68,29.519,1146.4,27685,-166.75,-443.91,-76.243,-443.91,308.55,-3.6831
103,53.549,-0.83715,-247.05,-45.823,-243.29,-147.93,42.03,-123.29,-247,-142.23,-243.96,-231.05,-243.96,-123.27,-116.21,72.457,27.277,193.25,53.465,188.62,-115.44,69.863,-76.138,202.05,-114.22,217.53,183.1,217.53,-76.347,-110.56
104,28.469,-64.686,-276.19,-61.559,-274.63,-123.78,1.9276,-64.184,-128.74,-113.11,-271.09,-79.638,-271.09,-49.385,-306.37,43.655,110.01,1364.1,127.84,-280.71,-164.9,53.215,-88.847,-166.21,-139.17,-282.4,-78.964,-282.4,34.379,-239.95
105,59.157,-5.5203,-550.52,-83.731,-464.34,-128.09,30.189,-146.46,-584.92,-122.13,-457.4,-79.769,-457.4,-144.57,-501.79,61.406,33.883,807.7,396.79,-455.15,-148.47,46.977,-196.44,1738.9,-145.95,-444.69,-81.478,-444.69,-197.23,-390.97
106,70.838,-65.167,-234.97,-61.998,-233.45,-187.12,14.478,-55.459,-235.03,-122.99,-233.84,-77.762,-233.84,-55.272,-234.93,63.749,-112.21,-279.4,-71.75,-277.79,-186.04,-1.7844,-67.302,-279.43,-162.26,-278.19,-85.137,-278.19,-67.316,-278.81
107,-116.87,-174.31,-490.97,-175.74,-480.93,-205.83,-131.22,-213.71,-180.11,-252.07,-454.03,-113.96,-454.03,-148.35,-121.71,-126.86,-85.783,5.8597e+05,-65.513,11903,-132.92,-126.55,-102.68,-91.048,-246.59,12146,-106.54,12146,-146.06,-92.817
108,19.43,-26.999,-438.26,-49.507,-411.84,-108.69,3.8155,-81.981,-455.49,-106.33,-406.73,-78.479,-406.73,-81.981,-77.323,-0.8849,-40.359,31132,-47.782,1183.3,-113.57,-16.492,-95.655,49081,-109.26,937.34,-79.865,937.34,-95.657,-84.484
109,36.349,-21.77,-450.17,-23.712,-386.83,-124.89,20.403,-100,-452.57,-102.93,-371.13,-76.379,-371.13,-99.989,-42.184,0.69017,-2.0445,3.0365e+05,-5.9519,3321.2,-142.84,-8.814,-122.33,7.8525e+05,-130.39,3010.1,-85.542,3010.1,-122.38,-25.721
110,26.239,0.81547,-226.08,-24.682,-227.06,-135.5,16.099,-119.27,-226.25,-131.38,-227.19,-86.331,-227.19,-119.27,-4.6112,-14.84,-32.513,-248.72,-53.342,-254.1,-164.32,-11.345,-162.8,-248.09,-171.37,-253.73,-98.534,-253.73,-162.8,-42.879
111,59.157,-5.5203,-550.52,-83.731,-464.34,-128.09,30.189,-146.46,-584.92,-122.13,-457.4,-79.769,-457.4,-144.57,21.26,39.36,42.592,6.5423e+06,-49.5,40931,-128.47,43.189,-159.71,1.6032e+07,-125.55,44925,-84.222,44925,-159.18,22.025
112,-116.87,-174.31,-490.97,-175.74,-480.93,-205.83,-131.22,-213.71,-180.11,-252.07,-454.03,-113.96,-454.03,-148.35,-191.91,-130.38,-135.64,2610.1,-91.549,-433.41,-216.24,-134.96,-245.72,-146.29,-254.11,-399.75,-112.72,-399.75,-155.95,-46.091
113,63.185,15.192,-217,-149.97,-215.71,-151.81,63.266,-170.56,-218.04,-142.41,-215.87,-83.611,-215.87,-149.89,-66.698,101.94,31.666,-258.45,-58.77,-253.45,-186.81,49.92,340.27,-259.28,-183.18,-253.59,-73.528,-253.59,417.4,-75.087
114,57.755,9.5515,-229.37,16.208,-225.31,-153.51,49.825,-93.256,-230.38,-145.28,-226.31,-212.76,-226.31,-91.84,-8.1603,59.247,17.803,-228.29,24.865,-228.19,-156.52,67.501,-35.641,-226.24,-148.26,-225.39,-225.85,-225.39,-42.362,-14.91
115,40.625,-102.9,-226.27,-3.4032,-224.15,-148.9,-15.458,-107.59,-226.31,-143.51,-224.35,-85.205,-224.35,-107.58,-24.866,12.64,65.916,-240.13,22.005,-238.94,-105.68,0.75089,-151.99,-239.03,-116.02,-238.59,-87.092,-238.59,-151.9,-42.817
116,25.747,-26.696,-222.78,2.7862,-220.35,-152.62,16.318,-206.04,-223.56,-147.42,-221.23,-89.886,-221.23,-205.98,-43.234,84.142,-16.605,-262.89,13.963,-258.06,-164.01,22.356,-101.18,-264.18,-158.11,-258.73,-81.564,-258.73,-102.44,-50.116
117,46.127,-130.68,-147.14,-125.16,-142.17,-135.44,-57.904,-136.48,-147.94,-133.41,-142.38,-112.59,-142.38,-136.73,-98.151,76.129,-59.785,-189.74,-146.26,-185.09,-184.04,260,-135.83,-189.94,-183.9,-185.32,-102.51,-185.32,-135.24,-73.357
118,-15.08,-37.309,-485.75,-34.349,-412.12,-110.97,-23.071,-170.27,-480.03,-110.18,-412.05,-75.931,-412.05,-44.155,-182.09,47.281,-29.334,97.256,-23.558,-411.25,-128.89,-0.61656,-122.32,-178.44,-119.54,-396.32,-80.208,-396.32,-41.36,-163.62
119,-10.156,-34.734,-491.23,-31.7,-418.34,-115.79,-24.421,-111.66,-294.79,-110.49,-287.11,-77.641,-287.11,-111.65,8.3441,15.267,31.19,145.82,36.037,-428.85,-159.97,5.2583,-162,-297.14,-148.02,-301.25,-84.67,-301.25,-162,17.518
120,172.62,-128.6,-305.08,-129.88,-299.44,-296.46,50.817,-59.188,-143.65,-195.69,-138.99,-85.501,-138.99,-25.031,-277.85,171.49,163.56,-284.27,440.41,-280.96,-233.33,48.576,-51.346,140.19,219.32,140.13,-81.307,140.13,-17.687,-105.4
121,53.549,-0.83715,-247.05,-45.823,-243.29,-147.93,42.03,-123.29,-247,-142.23,-243.96,-231.05,-243.96,-123.27,-11.975,87.786,40.83,1270,-6.9179,1175.6,-5.0167,61.31,81.864,1294.9,-22.34,1264.9,1067.3,1264.9,80.202,8.277
122,19.43,-26.999,-438.26,-49.507,-411.84,-108.69,3.8155,-81.981,-455.49,-106.33,-406.73,-78.479,-406.73,-81.981,-33.227,24.633,-10.145,44596,30.376,87.403,-117.54,33.857,-16.66,72092,-110.28,-32.174,-76.771,-32.174,-16.648,-11.352
123,-116.87,-174.31,-490.97,-175.74,-480.93,-205.83,-131.22,-213.71,-180.11,-252.07,-454.03,-113.96,-454.03,-148.35,-195.5,16.922,26.802,1.1557e+05,26.888,6435.7,-109.97,-69.571,-150.88,21.493,-213,5907.4,-88.351,5907.4,-89.164,-31.88
124,70.838,-65.167,-234.97,-61.998,-233.45,-187.12,14.478,-55.459,-235.03,-122.99,-233.84,-77.762,-233.84,-55.272,-111.47,59.2,-57.553,-276.43,-66.304,-276.09,-187.48,31.3,-55.828,-276.48,-153.55,-276.47,-83.491,-276.47,-55.653,-121.21
125,59.157,-5.5203,-550.52,-83.731,-464.34,-128.09,30.189,-146.46,-584.92,-122.13,-457.4,-79.769,-457.4,-144.57,-183.06,38.993,14.52,2868,287.89,-412.51,-150.74,28.716,-195.72,6307.5,-148.66,-411.81,-87.117,-411.81,-196.5,-168.17
126,28.469,-64.686,-276.19,-61.559,-274.63,-123.78,1.9276,-64.184,-128.74,-113.11,-271.09,-79.638,-271.09,-49.385,-107.47,13.698,-54.396,3825.2,-37.126,-289.78,-171.36,1.9497,-87.687,-166.12,-150.33,-291.58,-86.593,-291.58,-61.001,-111.5
127,63.185,15.192,-217,-149.97,-215.71,-151.81,63.266,-170.56,-218.04,-142.41,-215.87,-83.611,-215.87,-149.89,-56.263,50.636,11.416,-265.14,248.82,-260.95,-198.94,44.291,356.19,-266.22,-190.36,-261.15,-87.39,-261.15,400.83,-63.92
128,36.349,-21.77,-450.17,-23.712,-386.83,-124.89,20.403,-100,-452.57,-102.93,-371.13,-76.379,-371.13,-99.989,54.484,38.604,5.9479,6.2647e+05,18.017,4379.2,-101.46,-2.5061,-106.9,1.82e+06,-83.23,3177.7,-72.227,3177.7,-106.98,54.283
129,26.239,0.81547,-226.08,-24.682,-227.06,-135.5,16.099,-119.27,-226.25,-131.38,-227.19,-86.331,-227.19,-119.27,-226.3,-7.3641,-28.314,-266.81,-32.489,-266.39,-133.24,0.73275,-168.25,-266.81,-132.74,-266.5,-89.988,-266.5,-168.23,-266.41
130,-116.87,-174.31,-490.97,-175.74,-480.93,-205.83,-131.22,-213.71,-180.11,-252.07,-454.03,-113.96,-454.03,-148.35,-65.538,-134.82,-149.83,-500.27,-150.26,-508.89,-237.57,-168,-263.79,-154.71,-255.98,-471.83,-118.82,-471.83,-189.74,-64.747
131,57.755,9.5515,-229.37,16.208,-225.31,-153.51,49.825,-93.256,-230.38,-145.28,-226.31,-212.76,-226.31,-91.84,-102.94,33.228,-3.5671,-270.71,-12.891,-266.41,-165.93,32.293,3.3499,-271.69,-173.87,-267.03,-262.49,-267.03,-9.363,-124.5
132,59.157,-5.5203,-550.52,-83.731,-464.34,-128.09,30.189,-146.46,-584.92,-122.13,-457.4,-79.769,-457.4,-144.57,-211.6,41.806,-5.4839,27892,142.22,219.61,-130.64,13.957,-186.87,62946,-126.1,187.93,-82.723,187.93,-187.36,-208
133,67.231,-26.668,-693.45,-56.267,-553.5,-161.37,24.166,-117.23,-520.52,-155.36,-451.06,-84.559,-451.06,-117.14,-240.04,57.748,-18.157,-436.04,-65.786,-556.11,-187.35,-12.057,-167.49,-165.88,-200.79,-452.98,-95.98,-452.98,-167.23,-248.46
134,25.747,-26.696,-222.78,2.7862,-220.35,-152.62,16.318,-206.04,-223.56,-147.42,-221.23,-89.886,-221.23,-205.98,-78.278,-17.88,-4.8244,-257.14,-42.946,-260.28,-180.65,-2.3044,-244.85,-257.63,-183.77,-260.44,-101.45,-260.44,-244.03,-83.266
135,63.757,6.5983,-425.63,11.219,-403.25,-109.12,52.294,-88.919,-425.25,-103.25,-385.36,-223.33,-385.36,-18.628,-25.91,19.268,-13.653,-398.95,-27.257,-424.45,-139.64,3.3439,-139.2,-401.1,-126.49,-387.18,-288.31,-387.18,-67.347,-82.402
136,53.186,-8.5612,-211.62,-83.933,-210.6,-142.04,21.657,-62.831,-212.32,-136.29,-210.77,-82.693,-210.77,-56.564,-24.066,68.262,35.708,-256.88,-92.836,-253.81,-163.67,-13.854,-112.9,-257.47,-160.79,-253.96,-83.94,-253.96,-111.79,-41.899
137,41.94,-5.9517,-247.54,15.903,-247.42,-134.67,40.07,-197.65,-247.54,-123.88,-247.43,-227.45,-247.43,-49.465,-250.65,21.22,-7.7129,-202.05,4.4263,-215.06,-138.27,-4.2257,-198.03,-201.11,-164.82,-214.5,-165.39,-214.5,-81.943,-224.53
138,53.046,15.692,-688.13,22.34,-531.69,-134.49,20.929,-232.97,-692.6,-129.33,-496.88,-81.278,-496.88,-165.19,-180.3,36.021,9.3711,4.337e+06,13.623,18285,-162.96,-11.532,-150.31,2.1499e+07,-156.55,18590,-88.474,18590,-121.72,-151.37
139,25.747,-26.696,-222.78,2.7862,-220.35,-152.62,16.318,-206.04,-223.56,-147.42,-221.23,-89.886,-221.23,-205.98,-99.553,51.104,-10.146,-171.9,34.659,-175.19,-141.37,24.237,-166.26,-162.04,-135.26,-168.09,-83.83,-168.09,-166.41,-100.19
140,172.62,-128.6,-305.08,-129.88,-299.44,-296.46,50.817,-59.188,-143.65,-195.69,-138.99,-85.501,-138.99,-25.031,12.343,171.21,-54.547,549.27,336.41,551.33,473.39,44.839,-47.694,-75.807,156.05,-71.304,-81.735,-71.304,-18.142,13.372
141,-15.08,-37.309,-485.75,-34.349,-412.12,-110.97,-23.071,-170.27,-480.03,-110.18,-412.05,-75.931,-412.05,-44.155,-53.142,81.658,-49.792,3.0485e+07,-46.138,77893,-110.63,36.732,533.77,1.7618e+07,-104.76,1.195e+05,-68.627,1.195e+05,-11.051,-50.627
142,-10.156,-34.734,-491.23,-31.7,-418.34,-115.79,-24.421,-111.66,-294.79,-110.49,-287.11,-77.641,-287.11,-111.65,-86.068,-16.769,-43.607,1.6619e+06,-39.07,9406.8,-152.42,-63.773,-151.04,528.41,-146.8,6020.2,-86.507,6020.2,-151.05,-143.91
143,40.625,-102.9,-226.27,-3.4032,-224.15,-148.9,-15.458,-107.59,-226.31,-143.51,-224.35,-85.205,-224.35,-107.58,-15.092,60.892,100.14,-40.397,46.07,-39.45,-92.274,66.57,3.0732,-46.201,-99.175,-32.631,-72.706,-32.631,3.2232,5.9371
144,46.127,-130.68,-147.14,-125.16,-142.17,-135.44,-57.904,-136.48,-147.94,-133.41,-142.38,-112.59,-142.38,-136.73,-147.44,77.27,413.07,143.3,292.16,119.95,-60.595,163.78,152.77,187.66,-70.876,130.2,3.739,130.2,159.14,108.83
145,53.186,-8.5612,-211.62,-83.933,-210.6,-142.04,21.657,-62.831,-212.32,-136.29,-210.77,-82.693,-210.77,-56.564,-36.027,45.413,7.049,-258.18,-106.05,-254.02,-167.19,13.602,-51.278,-258.8,-170.3,-254.16,-87.17,-254.16,-42.789,-54.762
146,25.747,-26.696,-222.78,2.7862,-220.35,-152.62,16.318,-206.04,-223.56,-147.42,-221.23,-89.886,-221.23,-205.98,-115.47,30.022,-13.993,-209.38,3.8705,-223.06,-157.64,3.7779,-185.6,-207.41,-154.64,-221.35,-90.934,-221.35,-185.31,-109.67
147,67.231,-26.668,-693.45,-56.267,-553.5,-161.37,24.166,-117.23,-520.52,-155.36,-451.06,-84.559,-451.06,-117.14,-582.9,54.503,98.105,2966.4,-63.787,-529.4,-182.61,-16.304,-167.5,3996.9,-197.37,-441.1,-97.099,-441.1,-167.25,-327.8
148,41.94,-5.9517,-247.54,15.903,-247.42,-134.67,40.07,-197.65,-247.54,-123.88,-247.43,-227.45,-247.43,-49.465,-223.08,22.256,-21.533,-269.89,-1.627,-279.13,-142.72,-2.2018,-237.72,-269.86,-164.82,-279.05,-247.03,-279.05,-89.486,-227.94
149,53.046,15.692,-688.13,22.34,-531.69,-134.49,20.929,-232.97,-692.6,-129.33,-496.88,-81.278,-496.88,-165.19,-642.91,49.097,1.4399,89.523,9.1499,-538.26,-170.17,-2.9552,-268.48,1812.4,-163.51,-508.86,-87.269,-508.86,-184.12,-422.54
150,63.757,6.5983,-425.63,11.219,-403.25,-109.12,52.294,-88.919,-425.25,-103.25,-385.36,-223.33,-385.36,-18.628,-120.42,58.048,19.536,39.936,25.229,-341.17,-133.19,53.823,-122.6,17.435,-116.28,-250.38,-271.35,-250.38,-38.544,-119.73
151,43.883,-11.66,-626.81,-0.98306,-513.22,-119.46,40.344,-91.564,-526.19,-113.8,-482.9,-249.96,-482.9,13.683,-74.859,56.003,52.837,38446,111.34,-149.67,-145.05,15.456,-111.82,95600,-140.35,-73.779,-305.32,-73.779,-22.677,-39.345
152,44.816,-1.7599,-461.59,-28.281,-389.75,-104,42.095,-73.407,-423.95,-98.199,-336.69,-301.49,-336.69,20.507,-2.9629,74.398,10.852,1.7826e+08,122.26,4.2507e+05,-68.021,70.193,132.1,2.02e+07,-60.149,5.9502e+05,90280,5.9502e+05,49.498,9.224
153,-15.08,-37.309,-485.75,-34.349,-412.12,-110.97,-23.071,-170.27,-480.03,-110.18,-412.05,-75.931,-412.05,-44.155,-60.311,15.952,21.832,1.274e+09,26.049,1.2118e+06,53.819,18.653,7350.2,6.6647e+08,25.595,2.3866e+06,-2.8613,2.3866e+06,18.719,51.548
154,26.239,0.81547,-226.08,-24.682,-227.06,-135.5,16.099,-119.27,-226.25,-131.38,-227.19,-86.331,-227.19,-119.27,-202.33,13.692,4.5554,-153.21,48.872,-148.81,-148.46,0.068358,-101.54,-148.55,-145.51,-146.66,-90.289,-146.66,-101.63,-176.24
155,25.747,-26.696,-222.78,2.7862,-220.35,-152.62,16.318,-206.04,-223.56,-147.42,-221.23,-89.886,-221.23,-205.98,39.15,26.965,-33.946,-114.12,39.228,-113.04,-137.91,50.119,280.93,-94.445,-132.53,-98.712,-85.194,-98.712,275.03,52.93
156,50.247,-39.221,-245.75,-53.547,-242.72,-143.76,15.499,-110.68,-249.16,-137.65,-246.22,-85.696,-246.22,-105.62,-211.19,58.697,-23.119,343.27,17.981,301.2,-79.516,8.4462,39.206,470.16,-80.593,411.08,-72.836,411.08,-14.856,421.79
157,51.005,10.436,-475.39,15.581,-417.95,-103.21,34.013,-144.26,-475.28,-105.04,-405.48,-142.9,-405.48,6.0872,-430.11,33.347,-2.7423,1.7812e+07,2.1263,1.9091e+05,-58.268,25.578,95.42,1.4202e+07,-14.537,1.5393e+05,-102.69,1.5393e+05,7.7714,3.1326e+06
158,27.678,-12.359,-238.98,-52.356,-234.64,-161.34,17.589,-109.08,-241.11,-143.71,-236.7,-86.577,-236.7,-108.48,-245.13,3.078,-23.398,1809.5,35.089,1734.9,382.02,2.4099,285.92,2148.9,54.266,2069.6,-63.577,2069.6,236.69,2293.7
159,53.186,-8.5612,-211.62,-83.933,-210.6,-142.04,21.657,-62.831,-212.32,-136.29,-210.77,-82.693,-210.77,-56.564,-121.34,44.693,27.649,799.44,58.857,794.52,69.739,68.237,14.254,819.21,88.309,844.81,-48.676,844.81,-15.777,-56.259
160,70.658,-27.538,-653.37,-25.357,-562.56,-150.45,48.029,-102.84,-627.14,-146.5,-497.68,-85.143,-497.68,-77.112,-417.58,51.613,19.666,3.3023e+07,23.456,1.034e+06,60.015,33.951,55.232,1.2094e+08,75.037,4.4416e+05,-65.989,4.4416e+05,-32.693,14472
161,25.747,-26.696,-222.78,2.7862,-220.35,-152.62,16.318,-206.04,-223.56,-147.42,-221.23,-89.886,-221.23,-205.98,-209.23,16.913,5.1913,-37.791,31.855,-67.992,-73.274,22.916,-54.141,-19.827,-66.384,-53.158,-82.53,-53.158,-54.974,311.76
162,-88.948,-111.82,-516.56,-244.44,-551.14,-157.36,-89.267,-158.93,-118.11,-158.64,-497.62,-104.56,-497.62,-103,-104.18,-101.71,-96.531,5.5235e+05,953.41,2.3211e+05,-48.623,-93.034,-32.517,-104.98,-41.682,35430,-88.567,35430,-104.23,-81.082
163,-116.87,-174.31,-490.97,-175.74,-480.93,-205.83,-131.22,-213.71,-180.11,-252.07,-454.03,-113.96,-454.03,-148.35,-508.75,-62.723,-67.374,-498.05,-47.241,-487.15,-230.3,-140.53,-262.06,-75.971,-253.66,-463.45,-105.56,-463.45,-161.01,-505.81
164,59.157,-5.5203,-550.52,-83.731,-464.34,-128.09,30.189,-146.46,-584.92,-122.13,-457.4,-79.769,-457.4,-144.57,-108.74,17.882,-7.9304,1.3571e+06,36.277,20396,-130.76,17.582,-159.82,2.625e+06,-132.33,22591,-88.771,22591,-159.46,-121.44
165,36.349,-21.77,-450.17,-23.712,-386.83,-124.89,20.403,-100,-452.57,-102.93,-371.13,-76.379,-371.13,-99.989,-256.71,29.979,19.517,3.9055e+06,26.356,46896,-144.45,24.683,-133.66,7.3218e+06,-127.64,16247,-81.242,16247,-133.7,-102.94
166,57.755,9.5515,-229.37,16.208,-225.31,-153.51,49.825,-93.256,-230.38,-145.28,-226.31,-212.76,-226.31,-91.84,-52.504,90.581,48.95,1950.9,13.505,1852,62.226,60.05,183.25,2139,167.04,2061.3,1754.7,2061.3,180.16,-43.394
167,63.185,15.192,-217,-149.97,-215.71,-151.81,63.266,-170.56,-218.04,-142.41,-215.87,-83.611,-215.87,-149.89,-217,63.282,21.087,0.83934,2905.8,-14.706,-99.822,39.912,-40.257,27.38,-103.45,-5.3832,-77.275,-5.3832,-51.77,0.83247
168,26.239,0.81547,-226.08,-24.682,-227.06,-135.5,16.099,-119.27,-226.25,-131.38,-227.19,-86.331,-227.19,-119.27,9.6228,40.775,4.9712,-199.64,12.023,-203.3,-143.24,22.83,-142.41,-198.02,-137.8,-202.1,-85.159,-202.1,-142.44,9.0021
169,41.94,-5.9517,-247.54,15.903,-247.42,-134.67,40.07,-197.65,-247.54,-123.88,-247.43,-227.45,-247.43,-49.465,-247.64,29.598,6.9187,-286.69,24.463,-286.87,-143.29,30.723,1014.1,-286.8,-168.88,-286.85,-271.74,-286.85,60.349,-287.07
170,53.186,-8.5612,-211.62,-83.933,-210.6,-142.04,21.657,-62.831,-212.32,-136.29,-210.77,-82.693,-210.77,-56.564,-217.62,29.422,16.57,-256.4,-63.968,-254.42,-160.37,18.465,-64.052,-257.03,-157.73,-254.58,-89.559,-254.58,-57.053,-258.45
171,25.747,-26.696,-222.78,2.7862,-220.35,-152.62,16.318,-206.04,-223.56,-147.42,-221.23,-89.886,-221.23,-205.98,-191.09,32.958,-3.1332,-266.23,7.531,-260.19,-169.94,29.878,1158.3,-267.84,-167.97,-261.01,-86.58,-261.01,1140.3,-236.65
172,67.231,-26.668,-693.45,-56.267,-553.5,-161.37,24.166,-117.23,-520.52,-155.36,-451.06,-84.559,-451.06,-117.14,-156.78,74.118,5.5197,16629,-50.849,-276.49,-167.37,30.707,14.934,24617,-161.5,-282.02,-79.693,-282.02,14.454,-122.13
173,53.046,15.692,-688.13,22.34,-531.69,-134.49,20.929,-232.97,-692.6,-129.33,-496.88,-81.278,-496.88,-165.19,-157.88,34.017,14.43,3050.4,21.146,-498.02,-164.57,23.984,1814.2,18285,-157.68,-463.45,-86.222,-463.45,539.38,-247.67
174,63.757,6.5983,-425.63,11.219,-403.25,-109.12,52.294,-88.919,-425.25,-103.25,-385.36,-223.33,-385.36,-18.628,-210.15,27.607,-23.788,-350.95,-20.132,-404.91,-140.66,21.18,4.9448,-355.36,-123.16,-363.75,-283.66,-363.75,-8.9311,-243.26
175,43.883,-11.66,-626.81,-0.98306,-513.22,-119.46,40.344,-91.564,-526.19,-113.8,-482.9,-249.96,-482.9,13.683,-496.79,85.801,52.312,1.3818e+06,66.632,11273,-146.11,4.3762,-112.78,3.3159e+06,-141.57,10212,-217.46,10212,-26.505,48190
176,25.747,-26.696,-222.78,2.7862,-220.35,-152.62,16.318,-206.04,-223.56,-147.42,-221.23,-89.886,-221.23,-205.98,25.904,75.488,-37.618,-225.33,2.3598,-224.58,-161.7,11.403,-196.67,-222.39,-155.79,-222.53,-82.635,-222.53,-196.52,32.027
177,50.247,-39.221,-245.75,-53.547,-242.72,-143.76,15.499,-110.68,-249.16,-137.65,-246.22,-85.696,-246.22,-105.62,-246.55,42.306,-60.083,-104.08,18.354,-100.84,-140.01,32.325,-86.941,-68.544,-133.3,-67.227,-85.476,-67.227,-98.102,-104.32
178,44.816,-1.7599,-461.59,-28.281,-389.75,-104,42.095,-73.407,-423.95,-98.199,-336.69,-301.49,-336.69,20.507,-5.129,98.608,85.069,1.376e+06,376,17276,-124.22,111.76,-78.238,3.1016e+05,-121.15,4752.8,6015.4,4752.8,75.657,83.293
179,26.239,0.81547,-226.08,-24.682,-227.06,-135.5,16.099,-119.27,-226.25,-131.38,-227.19,-86.331,-227.19,-119.27,-157.57,-9.3793,-21.147,-233.05,-18.705,-237.19,-159.2,2.1623,-148.53,-231.81,-158.44,-236.51,-95.377,-236.51,-148.54,-170.39
180,-15.08,-37.309,-485.75,-34.349,-412.12,-110.97,-23.071,-170.27,-480.03,-110.18,-412.05,-75.931,-412.05,-44.155,-70.838,-40.271,-46.068,3.0778e+06,-44.506,6376.6,-120.83,-41.441,-87.743,1.7285e+06,-118.42,15102,-83.965,15102,-56.139,-96.034
181,63.185,15.192,-217,-149.97,-215.71,-151.81,63.266,-170.56,-218.04,-142.41,-215.87,-83.611,-215.87,-149.89,-217,49.247,-5.6678,-141.63,370.25,-142.42,-161.18,42.309,-50.209,-128.52,-150.64,-137.41,-85.29,-137.41,-29.548,-141.63
182,69.205,-63.792,-695.57,-129.18,-529.96,-152.62,45.789,-68.622,-592.82,-151.72,-477.07,-84.766,-477.07,-63.532,-619.91,68.784,277.08,5.9872e+06,846.63,33095,-116.4,90.198,-31.895,2.5547e+07,-103.9,42934,-72.757,42934,-29.729,6.5962e+06
183,-116.87,-174.31,-490.97,-175.74,-480.93,-205.83,-131.22,-213.71,-180.11,-252.07,-454.03,-113.96,-454.03,-148.35,-156.41,-25.74,317.28,98546,333.68,1814.6,334.54,94.256,795.02,316.47,-215.66,1694.5,-53.885,1694.5,86.787,249.45
184,21.467,-18.382,-256.66,-61.516,-258.61,-115.99,23.172,-102.05,-256.67,-110.9,-258.62,-81.958,-258.62,-45.007,-117.19,109.48,81.644,297.05,276.04,290.68,-112.64,48.534,-78.826,306.43,-107.56,293.37,-72.292,293.37,-75.448,-81.999
185,3.2952,-27.515,-421.25,-24.756,-429.49,-116.56,-1.2105,-152.15,-456.1,-112.93,-421.18,-231.02,-421.18,-20.298,-34.308,125.53,129.36,14279,136.36,6460.4,-134.08,127.63,-174.86,1.4871e+05,-132.65,6587.8,-194.99,6587.8,41.02,128.89
186,46.127,-130.68,-147.14,-125.16,-142.17,-135.44,-57.904,-136.48,-147.94,-133.41,-142.38,-112.59,-142.38,-136.73,-41.95,128.02,-56.954,-191.75,-169.85,-186.38,-191.34,235.74,138.76,-192.86,-186.8,-186.53,-107.6,-186.53,144.16,-43.736
187,53.186,-8.5612,-211.62,-83.933,-210.6,-142.04,21.657,-62.831,-212.32,-136.29,-210.77,-82.693,-210.77,-56.564,95.262,70.799,84.109,-121.32,-67.533,-121.36,-114.83,4.8027,-57.482,-111.59,-108.55,-115.42,-75.37,-115.42,-56.289,91.791
188,70.658,-27.538,-653.37,-25.357,-562.56,-150.45,48.029,-102.84,-627.14,-146.5,-497.68,-85.143,-497.68,-77.112,35.333,62.855,49.965,5.4729e+06,58.167,1.2417e+05,-128.12,70.757,-92.204,2.2402e+07,-128,83171,-81.677,83171,-81.68,34.384
189,27.678,-12.359,-238.98,-52.356,-234.64,-161.34,17.589,-109.08,-241.11,-143.71,-236.7,-86.577,-236.7,-108.48,-17.634,6.2922,34.642,-198.89,54.753,-200.08,-156.84,9.9005,-124.3,-188.25,-149.86,-189.17,-92.74,-189.17,-131.22,15.962
190,25.747,-26.696,-222.78,2.7862,-220.35,-152.62,16.318,-206.04,-223.56,-147.42,-221.23,-89.886,-221.23,-205.98,-92.143,-5.5504,30.784,-234.2,-8.8191,-231.79,-169.18,6.8537,-223.65,-230.93,-167.11,-229.13,-96.129,-229.13,-223.12,-94.296
191,51.005,10.436,-475.39,15.581,-417.95,-103.21,34.013,-144.26,-475.28,-105.04,-405.48,-142.9,-405.48,6.0872,3.2847,47.981,36.846,3.1055e+07,41.878,1.4141e+05,-95.653,51.875,82.628,2.3636e+07,-76.558,1.0669e+05,-103.92,1.0669e+05,28.404,9.8382
192,-88.948,-111.82,-516.56,-244.44,-551.14,-157.36,-89.267,-158.93,-118.11,-158.64,-497.62,-104.56,-497.62,-103,-182.98,-86.941,-141.87,42456,180.54,21556,-181.39,-113.92,-188.51,-152.01,-185.74,2028.2,-109.73,2028.2,-129.37,-200.8
193,67.231,-26.668,-693.45,-56.267,-553.5,-161.37,24.166,-117.23,-520.52,-155.36,-451.06,-84.559,-451.06,-117.14,-63.104,63.892,85.671,3.0115e+05,-5.8674,5503.8,-102.6,43.727,-110.42,4.6619e+05,-37.469,4021.4,-82.167,4021.4,-110.73,-62.291
194,63.757,6.5983,-425.63,11.219,-403.25,-109.12,52.294,-88.919,-425.25,-103.25,-385.36,-223.33,-385.36,-18.628,-268.73,65.84,-27.079,3.5023e+05,-21.821,54157,-71.041,32.035,339.45,3.3466e+05,-73.782,1.1118e+05,1847.2,1.1118e+05,-23.049,1121.9
195,41.94,-5.9517,-247.54,15.903,-247.42,-134.67,40.07,-197.65,-247.54,-123.88,-247.43,-227.45,-247.43,-49.465,-190.59,8.4036,-15.598,-265.85,-3.5901,-270.96,-138.72,2.0651,380.03,-265.76,-149.73,-270.84,-219.09,-270.84,-52.426,-187.27
196,53.186,-8.5612,-211.62,-83.933,-210.6,-142.04,21.657,-62.831,-212.32,-136.29,-210.77,-82.693,-210.77,-56.564,-211.88,82.426,-16.604,-39.771,39.31,-45.702,0.44923,23.97,28.912,-35.815,9.2699,-42.103,-52.202,-42.103,8.5086,-50.019
197,53.046,15.692,-688.13,22.34,-531.69,-134.49,20.929,-232.97,-692.6,-129.33,-496.88,-81.278,-496.88,-165.19,-144.59,73.314,1.0122,7844.4,-14.773,-489.95,-172.15,25.665,1727.8,32345,-170.94,-453.38,-80.267,-453.38,506.22,-153.31
198,25.747,-26.696,-222.78,2.7862,-220.35,-152.62,16.318,-206.04,-223.56,-147.42,-221.23,-89.886,-221.23,-205.98,-186.25,33.215,-6.3137,1217.4,15.764,1063.1,77.687,21.709,920.47,1403,81.751,1181.3,-54.786,1181.3,906.83,-10.673
199,25.747,-26.696,-222.78,2.7862,-220.35,-152.62,16.318,-206.04,-223.56,-147.42,-221.23,-89.886,-221.23,-205.98,-95.351,19.569,-29.58,-269.23,20.328,-266.09,-179.4,17.766,280.73,-270.89,-173.98,-266.97,-92.996,-266.97,274.48,-73.371
200,50.247,-39.221,-245.75,-53.547,-242.72,-143.76,15.499,-110.68,-249.16,-137.65,-246.22,-85.696,-246.22,-105.62,-245.75,48.493,44.723,-290.08,16.114,-284.71,-157.78,24.008,1.0413,-293.73,-154.36,-287.97,-84.563,-287.97,6.7724,-290.13
201,-15.08,-37.309,-485.75,-34.349,-412.12,-110.97,-23.071,-170.27,-480.03,-110.18,-412.05,-75.931,-412.05,-44.155,-474.48,13.44,-12.357,2.9459e+06,-7.5753,5350.9,-82.536,-2.6314,380.26,1.5418e+06,-84.681,16842,-63.364,16842,-28.956,5.5365e+05
202,26.239,0.81547,-226.08,-24.682,-227.06,-135.5,16.099,-119.27,-226.25,-131.38,-227.19,-86.331,-227.19,-119.27,-233.14,-6.4444,-16.901,-272.99,-33.557,-273.9,-167.51,-1.0491,-164.33,-273.13,-166.66,-274.03,-95.969,-274.03,-164.3,-276.88
203,43.883,-11.66,-626.81,-0.98306,-513.22,-119.46,40.344,-91.564,-526.19,-113.8,-482.9,-249.96,-482.9,13.683,-579.6,57.836,15.676,3.5031e+07,31.353,1.128e+06,-24.063,55.259,65.918,5.7075e+07,-19.55,1.2224e+06,9712.3,1.2224e+06,29.86,1.2883e+07
204,44.816,-1.7599,-461.59,-28.281,-389.75,-104,42.095,-73.407,-423.95,-98.199,-336.69,-301.49,-336.69,20.507,-461.49,106.65,-6.1926,322.59,31.485,-386.38,-133.24,41.813,-47.056,-264.66,-131.33,-336.96,-376.35,-336.96,19.521,287.72
205,46.127,-130.68,-147.14,-125.16,-142.17,-135.44,-57.904,-136.48,-147.94,-133.41,-142.38,-112.59,-142.38,-136.73,-149.02,131.19,-67.223,-186.88,-158.7,-182.27,-192.33,212.63,89.825,-187.02,-187.87,-182.26,-108.91,-182.26,94.207,-181.94
206,-116.87,-174.31,-490.97,-175.74,-480.93,-205.83,-131.22,-213.71,-180.11,-252.07,-454.03,-113.96,-454.03,-148.35,-187.59,-85.409,84.255,729.89,86.181,-442.17,-12.866,-44.995,14.997,81.209,-246.89,-429.18,-88.05,-429.18,-62.243,113.68
207,69.205,-63.792,-695.57,-129.18,-529.96,-152.62,45.789,-68.622,-592.82,-151.72,-477.07,-84.766,-477.07,-63.532,-74.731,99.295,-92.488,17719,-51.592,-266.93,-156.56,37.831,-50.6,53889,-165.62,-154.77,-84.701,-154.77,-30.921,-52.981
208,63.185,15.192,-217,-149.97,-215.71,-151.81,63.266,-170.56,-218.04,-142.41,-215.87,-83.611,-215.87,-149.89,-179.81,105.95,24.727,-262.21,304.57,-257.12,-192.82,49.02,126.38,-263.3,-183.87,-257.33,-73.675,-257.33,176.29,-191.71
209,21.467,-18.382,-256.66,-61.516,-258.61,-115.99,23.172,-102.05,-256.67,-110.9,-258.62,-81.958,-258.62,-45.007,-237.46,158.42,-46.73,-268.71,53.645,-269.48,-139.47,14.799,-79.765,-268.48,-136.58,-269.45,-71.691,-269.45,-56.58,-226.18
210,3.2952,-27.515,-421.25,-24.756,-429.49,-116.56,-1.2105,-152.15,-456.1,-112.93,-421.18,-231.02,-421.18,-20.298,-445.19,-5.7035,-12.787,-399.6,-10.217,-432.26,-139.19,-2.9849,-201.42,323.1,-142.2,-428.07,-244.48,-428.07,-36.656,-393.57
211,46.127,-130.68,-147.14,-125.16,-142.17,-135.44,-57.904,-136.48,-147.94,-133.41,-142.38,-112.59,-142.38,-136.73,10.845,41.9,1113.7,1139.5,1386.9,1135,935.44,289.82,913.17,1221.3,885.44,1172.1,402.57,1172.1,934.81,33.461
212,-116.87,-174.31,-490.97,-175.74,-480.93,-205.83,-131.22,-213.71,-180.11,-252.07,-454.03,-113.96,-454.03,-148.35,-185,3002.6,-199.75,10924,-113.08,1034.6,-234.72,1141.8,1232.9,-217.61,-253.01,442.95,153.74,442.95,1080.7,-219.43
213,63.185,15.192,-217,-149.97,-215.71,-151.81,63.266,-170.56,-218.04,-142.41,-215.87,-83.611,-215.87,-149.89,-217,89.286,4.7357,-241.05,1009.8,-237.97,-190.17,46.16,103.85,-239.94,-179.81,-237.43,-76.23,-237.43,147.3,-240.73
214,21.467,-18.382,-256.66,-61.516,-258.61,-115.99,23.172,-102.05,-256.67,-110.9,-258.62,-81.958,-258.62,-45.007,-13.448,220.12,-64.295,-214.37,-70.541,-203.51,-145.83,22.352,-37.543,-212.96,-148.64,-203.09,-68.823,-203.09,-43.111,-17.71
215,69.205,-63.792,-695.57,-129.18,-529.96,-152.62,45.789,-68.622,-592.82,-151.72,-477.07,-84.766,-477.07,-63.532,-130.28,77.899,-88.841,8.5984e+07,-39.177,4.4668e+05,-72.954,56.271,23.16,3.9278e+08,-80.038,5.8136e+05,-67.72,5.8136e+05,-3.475,-115.29
216,3.2952,-27.515,-421.25,-24.756,-429.49,-116.56,-1.2105,-152.15,-456.1,-112.93,-421.18,-231.02,-421.18,-20.298,-360.92,-27.461,-48.193,1154.3,-46.917,325.98,-144.62,-45.382,-199.03,13887,-152.58,315.51,-243.37,315.51,-69.11,-73.379
217,69.205,-63.792,-695.57,-129.18,-529.96,-152.62,45.789,-68.622,-592.82,-151.72,-477.07,-84.766,-477.07,-63.532,-69.483,66.631,-63.885,-634.27,-124.3,-537.17,-174.13,40.925,-52.239,-296.05,-183.19,-482.92,-86.441,-482.92,-40.845,-78.061
218,63.185,15.192,-217,-149.97,-215.71,-151.81,63.266,-170.56,-218.04,-142.41,-215.87,-83.611,-215.87,-149.89,-199.7,48.837,27.521,-263.32,-36.956,-259.33,-190.94,57.295,360.79,-264.41,-175.8,-259.53,-85.573,-259.53,406.18,-240.58
219,-116.87,-174.31,-490.97,-175.74,-480.93,-205.83,-131.22,-213.71,-180.11,-252.07,-454.03,-113.96,-454.03,-148.35,-171.93,-127.79,-66.798,1932.2,-69.084,-451.68,-66.332,-105.38,16.828,-69.265,-250.26,-424.25,-104.94,-424.25,-122.29,-27.343
220,46.127,-130.68,-147.14,-125.16,-142.17,-135.44,-57.904,-136.48,-147.94,-133.41,-142.38,-112.59,-142.38,-136.73,-90.489,85.197,-110.09,-166.21,-131.45,-162.31,-177.03,-56.219,-109.47,-164.28,-172.98,-161.74,-123.88,-161.74,-108.25,-121.65
221,3.2952,-27.515,-421.25,-24.756,-429.49,-116.56,-1.2105,-152.15,-456.1,-112.93,-421.18,-231.02,-421.18,-20.298,-30.903,-24.709,-35.043,-445.93,-34.994,-454.1,-145.45,-21.547,-199.21,-321.66,-151.35,-453.94,-246.63,-453.94,-42.697,-37.175
222,21.467,-18.382,-256.66,-61.516,-258.61,-115.99,23.172,-102.05,-256.67,-110.9,-258.62,-81.958,-258.62,-45.007,3.8382,84.462,-52.166,-152.64,37.196,-175.89,-137.45,5.2411,-103.66,-150.84,-132.14,-175.41,-78.117,-175.41,-73.421,3.9592
223,59.157,-5.5203,-550.52,-83.731,-464.34,-128.09,30.189,-146.46,-584.92,-122.13,-457.4,-79.769,-457.4,-144.57,-38.511,14.269,-27.395,-148.12,-124,-474.78,-160.96,7.5873,-196.74,522.28,-168.17,-480.7,-97.757,-480.7,-197.56,-58.267
224,63.185,15.192,-217,-149.97,-215.71,-151.81,63.266,-170.56,-218.04,-142.41,-215.87,-83.611,-215.87,-149.89,-52.884,103.22,34.209,-263.07,116.83,-258.08,-199.32,48.113,101.37,-264.11,-191,-258.27,-75.788,-258.27,140.54,-84.949
225,36.349,-21.77,-450.17,-23.712,-386.83,-124.89,20.403,-100,-452.57,-102.93,-371.13,-76.379,-371.13,-99.989,13.575,125.29,-1.6293,5.814e+05,-2.2261,5857.7,-150.38,28.254,-9.6614,1.5485e+06,-137.91,5033.7,-70.86,5033.7,-9.6439,18.076
226,26.239,0.81547,-226.08,-24.682,-227.06,-135.5,16.099,-119.27,-226.25,-131.38,-227.19,-86.331,-227.19,-119.27,-209.75,197.36,-17.424,-253.87,-13.058,-245.93,-165.45,23.149,-27.874,-253.26,-168.81,-246.09,-68.84,-246.09,-27.839,-224.73
227,57.755,9.5515,-229.37,16.208,-225.31,-153.51,49.825,-93.256,-230.38,-145.28,-226.31,-212.76,-226.31,-91.84,-229.72,119.26,36.412,-263.89,-14.565,-260.66,-165.43,26.389,-48.64,-264.76,-177.52,-261.01,-256.19,-261.01,-49.239,-260.69
228,-116.87,-174.31,-490.97,-175.74,-480.93,-205.83,-131.22,-213.71,-180.11,-252.07,-454.03,-113.96,-454.03,-148.35,-531.35,-155.28,-186.15,1054,-182.27,-466.9,-215.73,-162.54,-248.16,-192.66,-255.75,-428.7,-119.3,-428.7,-180.65,329.99
229,21.467,-18.382,-256.66,-61.516,-258.61,-115.99,23.172,-102.05,-256.67,-110.9,-258.62,-81.958,-258.62,-45.007,-231.3,119.29,-33.25,-74.023,79.04,-124.83,-120.77,9.3385,-68.452,-71.252,-115.57,-124.2,-71.537,-124.2,-70.796,23.511
230,63.185,15.192,-217,-149.97,-215.71,-151.81,63.266,-170.56,-218.04,-142.41,-215.87,-83.611,-215.87,-149.89,-54.66,88.899,11.124,-262.99,1220.6,-258.6,-194.66,43.89,-45.431,-264.1,-181.59,-258.81,-77.996,-258.81,-7.6261,-62.656
231,46.127,-130.68,-147.14,-125.16,-142.17,-135.44,-57.904,-136.48,-147.94,-133.41,-142.38,-112.59,-142.38,-136.73,-68.389,19.618,-99.519,-146.7,-120.32,-143.15,-160.26,-70.85,-147.44,-144.53,-154.63,-141.95,-121.63,-141.95,-146.79,-83.523
232,69.205,-63.792,-695.57,-129.18,-529.96,-152.62,45.789,-68.622,-592.82,-151.72,-477.07,-84.766,-477.07,-63.532,-93.177,44.969,16.267,59877,-78.176,565.55,-151.37,33.811,-46.366,2.5792e+05,-152.22,909.15,-85.69,909.15,-32.065,31.205
233,3.2952,-27.515,-421.25,-24.756,-429.49,-116.56,-1.2105,-152.15,-456.1,-112.93,-421.18,-231.02,-421.18,-20.298,32.33,17.13,15.486,11292,18.914,4882.3,-130.91,24.593,-177.2,1.6907e+05,-129.63,4795.6,-214.08,4795.6,-7.7427,42.05
234,-116.87,-174.31,-490.97,-175.74,-480.93,-205.83,-131.22,-213.71,-180.11,-252.07,-454.03,-113.96,-454.03,-148.35,-140.33,-122.05,-87.718,712.86,-87.951,-401.1,-161.3,-104.45,-196.65,-90.996,-249.27,-430.2,-106.13,-430.2,-127.38,-121.76
235,25.747,-26.696,-222.78,2.7862,-220.35,-152.62,16.318,-206.04,-223.56,-147.42,-221.23,-89.886,-221.23,-205.98,-217.44,65.413,-18.163,-269.05,26.094,-264.21,-179.31,2.2487,-204.87,-270.68,-173.22,-265.08,-86.074,-265.08,-204.64,-272.9
236,44.816,-1.7599,-461.59,-28.281,-389.75,-104,42.095,-73.407,-423.95,-98.199,-336.69,-301.49,-336.69,20.507,-309.36,-1.0257,20.696,8905.9,-43.624,-369,-130.02,-4.0375,-120.2,1856.4,-131.81,-321.17,-383.73,-321.17,-25.908,-328.96
237,43.883,-11.66,-626.81,-0.98306,-513.22,-119.46,40.344,-91.564,-526.19,-113.8,-482.9,-249.96,-482.9,13.683,-94.765,67.341,85.274,2.0651e+06,31.278,30018,-128.26,49.445,-133.58,5.0892e+06,-125.43,30644,45.964,30644,21.807,-86.153
238,26.239,0.81547,-226.08,-24.682,-227.06,-135.5,16.099,-119.27,-226.25,-131.38,-227.19,-86.331,-227.19,-119.27,-56.906,-5.9263,-16.011,-273,-29.153,-273.94,-167.22,-2.4642,-165.57,-273.15,-166.45,-274.07,-95.954,-274.07,-165.55,-61.59
239,50.247,-39.221,-245.75,-53.547,-242.72,-143.76,15.499,-110.68,-249.16,-137.65,-246.22,-85.696,-246.22,-105.62,-22.675,73.939,-43.449,-287.01,157.17,-281.97,-170.03,-4.631,-69.077,-290.08,-162.27,-284.6,-77.77,-284.6,-64.484,-24.406
240,-15.08,-37.309,-485.75,-34.349,-412.12,-110.97,-23.071,-170.27,-480.03,-110.18,-412.05,-75.931,-412.05,-44.155,-57.056,101.3,47.203,1.6533e+09,53.597,1.397e+06,-78.65,61,3893.6,8.8411e+08,-75.377,3.6609e+06,-56.906,3.6609e+06,38.304,60.257
241,53.186,-8.5612,-211.62,-83.933,-210.6,-142.04,21.657,-62.831,-212.32,-136.29,-210.77,-82.693,-210.77,-56.564,-42.633,96.743,15.144,-254.65,-98.159,-250.09,-166.22,31.112,-70.453,-255.19,-167.87,-250.23,-74.568,-250.23,-65.233,-41.994
242,70.658,-27.538,-653.37,-25.357,-562.56,-150.45,48.029,-102.84,-627.14,-146.5,-497.68,-85.143,-497.68,-77.112,-624.72,30.438,-10.746,352.78,2.013,-519.6,-172.03,9.3773,-151.44,2159.4,-178.58,-498.94,-97.696,-498.94,-132.51,194.04
243,-88.948,-111.82,-516.56,-244.44,-551.14,-157.36,-89.267,-158.93,-118.11,-158.64,-497.62,-104.56,-497.62,-103,-340.84,111.21,57.503,-396.09,12325,-375.59,-155,71.908,-128.98,-47.274,-151.16,-393.98,-94.997,-393.98,-38.969,-378.35
244,25.747,-26.696,-222.78,2.7862,-220.35,-152.62,16.318,-206.04,-223.56,-147.42,-221.23,-89.886,-221.23,-205.98,-56.951,45.077,13.87,-269.47,55.599,-264.3,-179.13,35.057,1115.5,-271.13,-174.13,-265.17,-87.978,-265.17,1098,-110.85
245,27.678,-12.359,-238.98,-52.356,-234.64,-161.34,17.589,-109.08,-241.11,-143.71,-236.7,-86.577,-236.7,-108.48,-240.03,103.61,0.61002,-151.3,93.545,-155.21,-153.82,-5.3667,-58.278,-133.13,-149.58,-136.71,-78.832,-136.71,-73.062,-112.64
246,51.005,10.436,-475.39,15.581,-417.95,-103.21,34.013,-144.26,-475.28,-105.04,-405.48,-142.9,-405.48,6.0872,-370.31,44.768,23.419,1.0592e+06,24.749,9250.1,-125.38,40.783,318.63,8.2347e+05,-132.8,7279.6,-137.69,7279.6,19.342,1656.1
247,53.046,15.692,-688.13,22.34,-531.69,-134.49,20.929,-232.97,-692.6,-129.33,-496.88,-81.278,-496.88,-165.19,-633.47,40.565,12.284,-645.63,2.7736,-540.76,-173.7,23.373,1733.4,-483.33,-169.38,-510.26,-87.256,-510.26,507.52,-651.03
248,63.757,6.5983,-425.63,11.219,-403.25,-109.12,52.294,-88.919,-425.25,-103.25,-385.36,-223.33,-385.36,-18.628,-441.29,124.18,-5.6878,-387.5,-16.294,-389.55,-139.56,30.588,-26.876,-388.17,-125.35,-366.77,-276.97,-366.77,-35.623,-129.52
249,67.231,-26.668,-693.45,-56.267,-553.5,-161.37,24.166,-117.23,-520.52,-155.36,-451.06,-84.559,-451.06,-117.14,-512.68,61.926,32.644,15905,-39.616,-253.09,-160.28,35.349,-78.899,24498,-150.22,-234.55,-85.404,-234.55,-79.121,-120.04
250,41.94,-5.9517,-247.54,15.903,-247.42,-134.67,40.07,-197.65,-247.54,-123.88,-247.43,-227.45,-247.43,-49.465,-10.516,11.678,-12.792,-268.67,5.4828,-270.72,-132.78,7.252,-70.821,-268.56,-127.57,-270.59,-232.33,-270.59,-37.222,-17.922
251,25.747,-26.696,-222.78,2.7862,-220.35,-152.62,16.318,-206.04,-223.56,-147.42,-221.23,-89.886,-221.23,-205.98,-75.855,115.21,-1.186,-259.34,-5.4741,-253.81,-170.21,27.91,1125.7,-260.5,-170.58,-254.37,-75.327,-254.37,1108.1,-74.932
252,53.186,-8.5612,-211.62,-83.933,-210.6,-142.04,21.657,-62.831,-212.32,-136.29,-210.77,-82.693,-210.77,-56.564,5.1177,34.931,22.625,-255.81,-86.161,-253.8,-163.94,16.777,-50.431,-256.42,-160.93,-253.95,-88.689,-253.95,-40.634,23.501
253,53.186,-8.5612,-211.62,-83.933,-210.6,-142.04,21.657,-62.831,-212.32,-136.29,-210.77,-82.693,-210.77,-56.564,-200.92,56.792,11.196,-81.049,-68.435,-82.487,-111.16,15.842,-24.473,-79.952,-104.61,-75.217,-76.046,-75.217,-25.194,-37.37
254,25.747,-26.696,-222.78,2.7862,-220.35,-152.62,16.318,-206.04,-223.56,-147.42,-221.23,-89.886,-221.23,-205.98,-6.679,20.4,25.883,489.5,40.827,461.92,13.454,31.409,491.31,582.84,10.161,527.8,-68.445,527.8,483.3,9.6845
255,63.757,6.5983,-425.63,11.219,-403.25,-109.12,52.294,-88.919,-425.25,-103.25,-385.36,-223.33,-385.36,-18.628,-43.289,51.768,18.608,66159,23.936,9592.3,-137.73,29.625,-78.227,63055,-119.35,21289,-84.473,21289,-57.47,-41.12
256,41.94,-5.9517,-247.54,15.903,-247.42,-134.67,40.07,-197.65,-247.54,-123.88,-247.43,-227.45,-247.43,-49.465,-151.57,21.908,-14.383,-166.26,6.5626,-172.19,-136.52,1.3066,-166.2,-164.74,-140.08,-171.29,-142.94,-171.29,-68.666,-133.29
257,53.046,15.692,-688.13,22.34,-531.69,-134.49,20.929,-232.97,-692.6,-129.33,-496.88,-81.278,-496.88,-165.19,89.856,40.261,-0.49101,7.2091e+07,5.582,1.4816e+05,-139.95,1.9835,-9.0588,4.6807e+08,-135.43,1.4861e+05,-85.197,1.4861e+05,-73.525,98.316
258,67.231,-26.668,-693.45,-56.267,-553.5,-161.37,24.166,-117.23,-520.52,-155.36,-451.06,-84.559,-451.06,-117.14,-517.88,62.062,-5.1926,3.1971e+07,-37.489,2.468e+05,-138.68,39.463,-62.139,3.7464e+07,-111.76,1.2879e+05,-86.057,1.2879e+05,-63.391,1.3915e+06
259,44.816,-1.7599,-461.59,-28.281,-389.75,-104,42.095,-73.407,-423.95,-98.199,-336.69,-301.49,-336.69,20.507,-2.8091,60.933,38.016,313.16,226.06,-401.38,-130.89,47.593,-82.606,-313.71,-127.55,-341.23,-381.57,-341.23,11.114,34.229
260,26.239,0.81547,-226.08,-24.682,-227.06,-135.5,16.099,-119.27,-226.25,-131.38,-227.19,-86.331,-227.19,-119.27,3.7726,33.832,1.6118,-271.72,38.875,-271.38,-168.23,-4.6306,-163.56,-271.81,-163.94,-271.56,-91.559,-271.56,-163.54,5.458
261,43.883,-11.66,-626.81,-0.98306,-513.22,-119.46,40.344,-91.564,-526.19,-113.8,-482.9,-249.96,-482.9,13.683,-118.7,73.591,42.994,-506.99,84.711,-526.59,-148.2,-3.5051,-135.83,-301.78,-143.22,-493.61,-322.01,-493.61,-32.949,-147.62
262,-15.08,-37.309,-485.75,-34.349,-412.12,-110.97,-23.071,-170.27,-480.03,-110.18,-412.05,-75.931,-412.05,-44.155,-64.367,-19.887,-17.89,4355.2,-9.8267,-380.21,-128.54,-7.9119,-217.35,2521.1,-119.69,-326.48,-84.007,-326.48,-51.024,-75.052
263,25.747,-26.696,-222.78,2.7862,-220.35,-152.62,16.318,-206.04,-223.56,-147.42,-221.23,-89.886,-221.23,-205.98,-168.6,83.994,-27.597,-258.28,-0.32262,-251.7,-162.69,6.588,128.64,-258.94,-158.39,-252.08,-75.87,-252.08,124.38,-194.41
264,50.247,-39.221,-245.75,-53.547,-242.72,-143.76,15.499,-110.68,-249.16,-137.65,-246.22,-85.696,-246.22,-105.62,-60.604,77.693,4.338,-278.57,-39.675,-274.88,-162.18,99.473,-33.054,-280.29,-157.36,-276.48,-73.88,-276.48,-26.703,-53.388
265,70.658,-27.538,-653.37,-25.357,-562.56,-150.45,48.029,-102.84,-627.14,-146.5,-497.68,-85.143,-497.68,-77.112,-274.05,47.083,21.327,-171.94,43.174,-554.74,-174.49,51.011,-19.865,465.55,-171.39,-494.64,-86.318,-494.64,14.823,-268.43
266,25.747,-26.696,-222.78,2.7862,-220.35,-152.62,16.318,-206.04,-223.56,-147.42,-221.23,-89.886,-221.23,-205.98,-35.989,36.66,12.545,-269.04,43.211,-264.83,-181.63,36.503,1116.5,-270.68,-175.52,-265.71,-89.427,-265.71,1099,-14.031
267,51.005,10.436,-475.39,15.581,-417.95,-103.21,34.013,-144.26,-475.28,-105.04,-405.48,-142.9,-405.48,6.0872,6.0225,30.496,-2.7217,56020,-2.5644,-199.31,-135.84,29.513,277.91,40688,-154.03,-244.7,-148.26,-244.7,5.4683,-9.7522
268,-88.948,-111.82,-516.56,-244.44,-551.14,-157.36,-89.267,-158.93,-118.11,-158.64,-497.62,-104.56,-497.62,-103,-121.04,1734.2,68.28,-500.95,9382.1,655.15,-179.92,536.26,460.17,7.6699,-179.49,468.22,-36.947,468.22,414.93,53.82
269,53.186,-8.5612,-211.62,-83.933,-210.6,-142.04,21.657,-62.831,-212.32,-136.29,-210.77,-82.693,-210.77,-56.564,-79.557,72.564,-13.254,-254.64,-105.39,-250.24,-168.08,16.008,-52.12,-255.15,-170.1,-250.36,-78.887,-250.36,-43.385,-87.783
270,27.678,-12.359,-238.98,-52.356,-234.64,-161.34,17.589,-109.08,-241.11,-143.71,-236.7,-86.577,-236.7,-108.48,-226.91,72.224,64.12,-281.97,359.02,-276.43,-186.92,71.321,-9.0422,-283.96,-155.71,-278.37,-79.982,-278.37,-9.0895,-263.48
271,36.349,-21.77,-450.17,-23.712,-386.83,-124.89,20.403,-100,-452.57,-102.93,-371.13,-76.379,-371.13,-99.989,-452.34,48.741,-42.935,8744.9,-33.317,-233.15,-146.31,18.81,-76.259,25846,-127.92,-219.81,-77.604,-219.81,-76.246,17780
272,-116.87,-174.31,-490.97,-175.74,-480.93,-205.83,-131.22,-213.71,-180.11,-252.07,-454.03,-113.96,-454.03,-148.35,-166.62,-131.9,-144.19,12327,-144.54,-160.42,-154.69,-137.01,-132.45,-149.3,-252.31,-115.62,-112.66,-115.62,-154.8,-143.5
273,59.157,-5.5203,-550.52,-83.731,-464.34,-128.09,30.189,-146.46,-584.92,-122.13,-457.4,-79.769,-457.4,-144.57,-111.24,33.401,-3.2997,70716,-38.776,206.67,-161.12,8.764,-193.81,2.0539e+05,-163.14,194.33,-92.608,194.33,-194.51,-126.73
274,57.755,9.5515,-229.37,16.208,-225.31,-153.51,49.825,-93.256,-230.38,-145.28,-226.31,-212.76,-226.31,-91.84,-79.309,21.855,-1.7799,-275.45,-6.8372,-272.48,-168.98,17.908,-96.011,-276.37,-175.66,-273.34,-268.1,-273.34,-96.722,-74.61
275,63.185,15.192,-217,-149.97,-215.71,-151.81,63.266,-170.56,-218.04,-142.41,-215.87,-83.611,-215.87,-149.89,-119.88,41.778,-2.683,-262.42,958.6,-258.2,-195.46,34.125,380.78,-263.33,-185.89,-258.34,-88.374,-258.34,417.15,-151.43
276,26.239,0.81547,-226.08,-24.682,-227.06,-135.5,16.099,-119.27,-226.25,-131.38,-227.19,-86.331,-227.19,-119.27,-103.07,52.712,-25.701,159.18,-29.748,126.84,-89.13,10.366,-48.816,175.82,-82.351,136.1,-73.692,136.1,-49.03,-100.82
277,57.755,9.5515,-229.37,16.208,-225.31,-153.51,49.825,-93.256,-230.38,-145.28,-226.31,-212.76,-226.31,-91.84,-165.87,82.795,-19.922,-120.54,-13.853,-119.46,-131.4,46.832,-50.614,-109.62,-124.08,-107.29,-111.24,-107.29,-51.836,-147.14
278,-116.87,-174.31,-490.97,-175.74,-480.93,-205.83,-131.22,-213.71,-180.11,-252.07,-454.03,-113.96,-454.03,-148.35,-258.68,-98.684,49.23,30711,47.038,515.05,-142.48,-64.176,-160.77,46.401,-245.27,504.75,-94.817,504.75,-82.249,-223.73
279,36.349,-21.77,-450.17,-23.712,-386.83,-124.89,20.403,-100,-452.57,-102.93,-371.13,-76.379,-371.13,-99.989,-25.068,45.151,14.462,2.3271e+06,41.121,31712,-149.87,15.676,-85.682,6.8199e+06,-134.1,30507,-82.318,30507,-85.729,13.39
280,26.239,0.81547,-226.08,-24.682,-227.06,-135.5,16.099,-119.27,-226.25,-131.38,-227.19,-86.331,-227.19,-119.27,31.759,42.844,25.492,211.25,7.2733,167.64,-82.689,38.221,-20.598,226.94,-77.239,177.63,-73.345,177.63,-20.884,36.965
281,63.185,15.192,-217,-149.97,-215.71,-151.81,63.266,-170.56,-218.04,-142.41,-215.87,-83.611,-215.87,-149.89,102.31,35.651,4.5084,53.384,2975.2,43.297,-102.61,29.933,-68.099,87.947,-104.61,55.828,-83.729,55.828,-74.89,81.718
282,59.157,-5.5203,-550.52,-83.731,-464.34,-128.09,30.189,-146.46,-584.92,-122.13,-457.4,-79.769,-457.4,-144.57,-27.514,53.124,-12.114,3.6376e+05,132.49,4026.3,-156.19,16.743,-187.2,7.4441e+05,-154.39,4528.7,-86.236,4528.7,-187.64,-33.679
283,59.157,-5.5203,-550.52,-83.731,-464.34,-128.09,30.189,-146.46,-584.92,-122.13,-457.4,-79.769,-457.4,-144.57,-90.517,47.214,8.0036,-517.65,-32.499,-474.23,-158.88,41.998,280.2,-468.72,-160.42,-466.28,-85.165,-466.28,308.23,-103.55
284,70.838,-65.167,-234.97,-61.998,-233.45,-187.12,14.478,-55.459,-235.03,-122.99,-233.84,-77.762,-233.84,-55.272,-245.22,60.42,20.706,-276.51,-58.761,-276.32,-192.83,10.485,-76.23,-276.56,-151.47,-276.67,-83.304,-276.67,-76.419,-277.36
285,-116.87,-174.31,-490.97,-175.74,-480.93,-205.83,-131.22,-213.71,-180.11,-252.07,-454.03,-113.96,-454.03,-148.35,-213.52,-101.88,-21.815,2452.9,17.32,-342.1,-158.08,-87.989,-194.35,-37.828,-248.68,-314.26,-97.682,-314.26,-103.98,-164.35
286,19.43,-26.999,-438.26,-49.507,-411.84,-108.69,3.8155,-81.981,-455.49,-106.33,-406.73,-78.479,-406.73,-81.981,102.38,-26.609,-63.651,2366.5,-82.72,-399.52,-143.32,-39.715,-122.72,4733.3,-138.67,-392.09,-93.933,-392.09,-122.72,68.222
287,28.469,-64.686,-276.19,-61.559,-274.63,-123.78,1.9276,-64.184,-128.74,-113.11,-271.09,-79.638,-271.09,-49.385,-273.53,47.505,-33.066,6376.5,1.5073,-112.64,-24.342,16.721,-27.287,-60.981,-32.003,-137.28,-62.126,-137.28,-7.938,-186.85
288,53.549,-0.83715,-247.05,-45.823,-243.29,-147.93,42.03,-123.29,-247,-142.23,-243.96,-231.05,-243.96,-123.27,-241.84,36.86,1.7561,237.58,122.61,144.65,-37.324,40.452,1.2074,242.05,-50.721,163.63,75.134,163.63,0.23349,233.82
289,59.157,-5.5203,-550.52,-83.731,-464.34,-128.09,30.189,-146.46,-584.92,-122.13,-457.4,-79.769,-457.4,-144.57,-30.542,75.72,-27.967,-527.49,-126.08,-471.85,-163.5,33.029,259.32,-484.64,-166.87,-458.49,-79.841,-458.49,286.18,-55.933
290,-116.87,-174.31,-490.97,-175.74,-480.93,-205.83,-131.22,-213.71,-180.11,-252.07,-454.03,-113.96,-454.03,-148.35,-396.76,693.14,1734.5,-483.9,2594.7,-122.35,-121.3,1529.6,858.53,1620.9,-202.14,-320.07,193.54,-320.07,1553.7,-391.17
291,53.549,-0.83715,-247.05,-45.823,-243.29,-147.93,42.03,-123.29,-247,-142.23,-243.96,-231.05,-243.96,-123.27,-47.044,16.874,38.209,-257.29,19.618,-258.49,-168.11,8.218,-168.23,-256.61,-163.77,-257.26,-250.92,-257.26,-168.11,-80.839
292,28.469,-64.686,-276.19,-61.559,-274.63,-123.78,1.9276,-64.184,-128.74,-113.11,-271.09,-79.638,-271.09,-49.385,-226.69,-0.46659,-83.353,3856.5,-68.677,-286.64,-168.01,-4.3776,-86.032,-164.85,-145.57,-291.12,-88.805,-291.12,-58.906,-249.95
293,70.838,-65.167,-234.97,-61.998,-233.45,-187.12,14.478,-55.459,-235.03,-122.99,-233.84,-77.762,-233.84,-55.272,-234.92,25.656,-19.739,-281.78,-73.983,-282.87,-184.63,-24.121,-105.18,-281.8,-173.52,-283.28,-97.931,-283.28,-105.78,-282.22
294,19.43,-26.999,-438.26,-49.507,-411.84,-108.69,3.8155,-81.981,-455.49,-106.33,-406.73,-78.479,-406.73,-81.981,-371.45,26.81,26.226,-383.84,-25.439,-413.68,-144.38,49.952,-16.918,-331.67,-133.97,-413.06,-85.851,-413.06,-16.87,-395.1
295,-116.87,-174.31,-490.97,-175.74,-480.93,-205.83,-131.22,-213.71,-180.11,-252.07,-454.03,-113.96,-454.03,-148.35,-235.08,-78.1,31.206,99.741,117.86,-464.56,23.285,-49.51,45.182,17.644,-248.87,-444.45,-91.384,-444.45,-71.15,509.41
296,28.469,-64.686,-276.19,-61.559,-274.63,-123.78,1.9276,-64.184,-128.74,-113.11,-271.09,-79.638,-271.09,-49.385,-308.66,106.98,-5.7997,14577,-1.3242,3595.1,-75.876,29.834,-32.558,-110.29,-72.914,2856.9,-63.92,2856.9,19.504,5685.8
297,59.157,-5.5203,-550.52,-83.731,-464.34,-128.09,30.189,-146.46,-584.92,-122.13,-457.4,-79.769,-457.4,-144.57,-83.571,36.075,-6.8236,-531.82,-84.087,-476.02,-160.91,37.401,280.43,-528.5,-161.89,-471,-88.116,-471,308.48,-99.653
298,53.549,-0.83715,-247.05,-45.823,-243.29,-147.93,42.03,-123.29,-247,-142.23,-243.96,-231.05,-243.96,-123.27,-247.05,56.225,26.566,-116.83,229.64,-136.66,-96.487,52.204,-122.95,-114.76,-101.46,-129.69,-144.99,-129.69,-123.16,-116.72
299,70.838,-65.167,-234.97,-61.998,-233.45,-187.12,14.478,-55.459,-235.03,-122.99,-233.84,-77.762,-233.84,-55.272,-246.15,69.202,-75.982,-261.21,-65.119,-261.85,-188.01,21.882,-38.864,-261.2,-139.64,-261.95,-79.194,-261.95,-37.859,-274.92
300,19.43,-26.999,-438.26,-49.507,-411.84,-108.69,3.8155,-81.981,-455.49,-106.33,-406.73,-78.479,-406.73,-81.981,22.003,-22.611,-54.411,2.7461e+05,-82.415,2971,-139.15,-32.052,-119.47,4.9611e+05,-135.72,2279.4,-93.305,2279.4,-119.48,18.984
