,0,1,2,3,4,5,6,7,8,9,10,11,12,13,14,15,16,17,18,19,20,21,22,23,24,25,26,27,28,29,30,31,32,33,34,35,36,37,38,39,40,41,42,43,44,45,46,47,48,49,50,51,52,53,54,55,56,57,58,59,60,61,62,63,64,65,66,67,68,69,70,71,72,73,74,75,76,77,78,79,80,81,82,83,84,85,86,87,88,89,90,91,92,93,94,95,96,97,98,99,100
0,7.09284735543985,7.82111994153649,7.94656070156207,8.5011966748881,9.0,8.31813282177766,8.10696994610396,7.31866264730063,6.65031515483694,5.66286653877775,4.85947930939984,3.96037270485064,3.06197131634238,2.357376450169,1.5835754087878,1.12313875947748,1.0,1.15163971864438,1.18160226546086,1.73210925367681,2.26449255503791,3.13004476112177,3.85068055174934,4.44313510550836,5.41346853019092,6.08303644834201,6.9157760116927,7.34679820955513,7.78308212295606,8.05676441034073,7.98649858408696,7.90388234219421,7.87271398556682,7.43928016808258,7.18149264638714,6.7832100118754,6.35182241710058,5.717347218416,5.66940714350964,5.59632776103042,5.4148533844889,5.33752808988764,5.52105599707683,5.93907006485795,5.63509637343564,6.36786334155476,6.34674340001827,6.85131999634603,6.80772814469718,7.0166986388965,6.8808075271764,7.02327578331963,6.80060290490545,6.34816844797661,5.78512834566548,5.32361742943272,4.90107243993788,4.27918151091623,3.71241436009866,3.21832465515666,2.90422946926098,2.37042111994154,1.95127432173198,1.56271124508998,1.27514387503426,1.26856673061113,1.27185530282269,1.27550927194665,1.85407874303462,2.24041289851101,2.62133917968393,3.21295332054444,3.88963186261076,4.40177217502512,5.03310057550014,5.70543527907189,6.37122499314881,7.06880423860418,7.37095094546451,7.72534941079748,7.87633141499954,8.22097378277154,7.87987576504978,7.76064675253494,7.75297341737462,7.36722389695807,7.03997442221613,6.45555860052983,5.8972321183886,5.52686580798392,5.27554581163789,4.98262903078469,4.21834292500228,4.11201242349502,3.717347218416,3.61499954325386,3.39514022106513,3.46493103133279,3.21719192472824,3.21386681282543,3.3757376450169
1,5.11608720128899,4.89643002737173,5.007159357832,4.87471900297012,5.21498262574496,5.27564304156232,5.42848989575447,5.74210393492905,5.90892784345699,5.9186807213713,6.09235959854794,5.75086288897948,5.62777163046221,5.1160250810475,4.76790324772388,4.11585813289849,3.34771028672374,2.82540329625531,2.03616562809388,1.38141828276357,1.1018771960476,1.0,1.03385553161338,1.28357890241298,2.06443033797294,2.76110884631064,3.98627530914526,4.74246500883272,5.74875080076874,6.64623298973075,7.71370721953682,8.07316599693281,8.73176479723565,8.5752217886747,8.54052763380118,8.13947935472599,7.8083163473298,7.50134917399491,7.0602954593986,6.72627492089376,6.61939704540601,6.52647448216955,6.65701085162969,6.70866383243065,7.00581600760973,7.51684817424728,7.89609224855862,8.32214392483451,8.5440374274455,8.83826995127444,9.0,8.87644283967154,8.64060334284549,8.40022906839051,7.91680934909635,7.36254149438006,7.14182827635742,6.57852192650399,6.23703546677538,5.79804321239299,5.6796420321084,5.25529866247355,5.37981868654514,5.27026964067323,5.35832508298876,5.46818473006814,5.59444412090152,5.52974588938715,5.54602139265816,5.22989148370314,5.22383476015763,5.12037349795197,4.94979131481374,4.82530235086289,4.44034321433424,4.60114145943742,4.45814066352183,4.51348979869159,4.86881758002834,5.05095412808417,5.34658435734669,5.59565546561062,5.94292003960165,6.26785673519306,6.4180187525479,6.37916564750646,6.37441966105643,6.29386834391319,6.00256168345854,5.97156989497797,5.60515986255897,5.33015355347194,5.02883932211286,5.09012094034516,4.70388833886592,5.05406014015879,5.21603866985033,5.38081261040902,5.40003882515093,5.80413099605925,5.97532816958826
2,8.53575725170432,8.46707659403823,8.60125651650849,8.8416254511429,9.0,8.80157732923406,8.65550060152386,8.42956823954017,7.89685870872878,7.61660205854832,6.99034888383906,6.68710065499265,6.41782916722363,6.20216281245823,5.95332174842935,5.58746156930892,5.35417724903088,5.03189413180056,4.73853762865927,4.49488036358776,4.36115492581206,4.48113888517578,4.30931693623847,4.52896671567972,4.77834514102393,5.45106269215346,6.10516775832108,6.77134072984895,7.47608608474803,8.16040636278573,8.61424943189413,8.52519716615426,8.43523593102526,7.8943456757118,7.1404625050127,6.49889586953616,6.00719155193156,5.53939312926079,5.44758722095976,5.61331372811121,5.75324154524796,6.25674214677182,6.50354498061756,7.00941050661676,7.18909236733057,7.40179120438444,7.56586017912044,7.5977810453148,7.39863654591632,7.13174709263467,6.67464242748296,6.25391632134741,6.20111215078198,6.0853629193958,5.8708194091699,6.0402379361048,6.08064429889052,6.26199647106002,6.14652319208662,6.1135409704585,5.93693356503141,5.59307579200642,5.2303435369603,4.9247426814597,4.82956823954017,4.82959497393397,5.06215746557947,5.18454752038498,5.43657265071514,5.29755380296752,4.70530677716883,4.32375350888919,3.32214944526133,2.63186739740676,1.86860045448469,1.22162812458228,1.03181392861917,1.0,1.26707659403823,1.73305707793076,1.74856302633338,2.29046918861115,2.43510225905628,2.69629728645903,2.83852426146237,3.01443657265071,3.12511696297286,3.40101590696431,3.43416655527336,3.82876620772624,4.19561555941719,4.48825023392595,5.09742013099853,5.75920331506483,6.31678652586553,6.7303569041572,7.35022055874883,7.93621173639888,8.25750568105868,8.42539767410774,8.55933698703382
3,4.85590320040095,4.28351113338584,4.02104961695425,3.73560535548078,3.6928044676738,3.6423713037875,3.58218658265913,3.51117634423999,3.53045034724708,3.62216653540488,3.68146344955968,3.79589031288036,3.80468246581227,3.90523376530393,3.72094222094938,3.57622968425575,3.27477625832319,3.1932125724923,3.17004367437531,3.32626906279086,3.53199684971719,3.76881220018615,4.00290685186511,3.99286890527672,3.68408391207847,3.41356053554808,3.06930622180855,2.89432233120928,2.85895324693921,2.92253168182144,2.97379537481206,3.30888522946946,3.66710102384191,4.04776974296556,4.48029354907997,4.69018400515501,4.97837760435312,5.16692203050047,5.52771532898976,5.7893176773824,5.82094938068304,5.34346674303716,4.75583876279802,4.42642084914441,4.34210639364216,4.2117706021336,4.43606501038161,4.41566406529677,4.22450060857736,4.06730149638434,4.02929763012816,4.1332712823083,4.58564330206916,5.08892389203122,5.83203264838548,6.44827092432162,6.90778263048615,7.08892389203122,7.3220448199327,7.39636285530178,7.51936707954464,7.5150712393499,7.77468318178564,8.19997136106537,8.52015465024701,8.86410825517291,9.0,8.71131953891315,8.00379465883869,7.09178778549438,6.30192596835398,5.68295267416052,5.20327915801532,5.02125008949667,4.98131309515286,4.95195818715544,4.84660986611298,4.66456647812701,4.30703801818572,3.98615307510561,3.77916517505549,3.52479415765734,3.3837903629985,3.32344812772965,3.25239493090857,2.94887950168254,2.58874489868977,2.10388773537624,1.51206415121358,1.20892102813775,1.05670509057063,1.07990262762225,1.00286389346316,1.0,1.0246294837832,1.16195317534188,1.46180282093506,1.95969069950598,2.40831961051049,2.75671225030429,3.02334073172478
4,5.06578324656886,5.95343114055845,6.66398485565547,7.59346900141978,8.08597570594731,8.66966398485566,8.73560498501341,9.0,8.98548666982174,8.40621549140243,7.73355418835779,7.24070042593469,6.65982016090866,5.99984224641111,5.28187411263606,4.9374033759268,4.50065941000158,4.50204448651207,4.43732134406058,4.3278750591576,4.48685912604512,4.81328285218489,4.98454014828837,5.18589682915286,5.07234579586686,4.86635115948888,4.66314560656255,4.04912446758164,3.60378608613346,3.04148919387916,2.52282694431298,1.84309828048588,1.50500078876794,1.0,1.15586054582742,1.10127780407004,1.21769995267392,1.67502760687806,2.25013409055056,2.74570121470263,3.5190724088973,4.07900299731819,4.88187411263606,5.513267076826,5.98905190093075,6.31859914813062,6.69998422464111,7.28894147341852,7.36267550086765,7.16797602145449,7.64994478624389,7.47177788294684,7.51276226534154,7.33923331755798,7.24057422306358,7.28338854708945,7.33342798548667,7.36687174633223,7.51096387442814,7.41656412683389,7.57264552768576,7.58873639375296,7.87363937529579,7.82852184887206,8.12888468212652,8.15223221328285,8.27811957722038,8.23268654361887,8.42388389335857,8.51948256822843,8.46016721880423,8.22574538570753,7.99069253825525,7.49853289162329,7.23192932639218,6.87468054898249,6.15630225587632,5.69563022558763,5.33834989746017,4.64800757217227,4.28210443287585,4.02104432875848,3.79867486985329,3.90935478782142,3.94926644581164,3.99605616027765,4.11339327969711,4.38771762107588,4.62501656412683,4.84025871588579,5.10891307777252,5.44899826471052,5.63969080296577,5.89663984855656,6.06281747909765,6.10654677393911,5.92197507493296,6.04609559867487,5.78510806120839,5.45325761161067,4.95762738602303
5,1.86480896294168,2.32605573111175,3.02153404194197,3.66226946279805,4.13374317724792,4.59905774202815,4.97401206549842,5.52127549554726,5.72126400459638,5.79655271473714,5.7112209135306,5.71303648376903,5.33716748060902,5.06455271473714,5.06361528296467,5.06597207698937,5.27640333237575,5.90174087905774,6.65531743751796,7.25050272910083,7.87457627118644,8.43556449296179,8.76052858374031,9.0,8.8457914392416,8.41327204826199,7.76977879919563,6.95872450445274,5.97542085607584,4.96077219189888,3.85761562769319,3.05081298477449,2.42671646078713,2.09531743751795,1.98293593794887,2.07647227808101,2.11508187302499,2.20356219477162,2.06153404194197,2.09807526572824,2.06681987934502,2.19000287273772,2.16977879919563,2.32421717897156,2.37592645791439,2.44073542085608,2.7609652398736,3.06338408503304,3.33089342143062,3.50075265728239,3.59615053145648,3.2754151106004,2.98471703533467,2.46164895145073,1.91284113760414,1.36357368572249,1.0,1.06182131571388,1.37782246480896,1.85860384946854,2.60896294168342,3.30926745188164,4.12501005458202,4.63856363114048,5.28153978741741,5.59803504740017,5.51900028727377,5.82495834530307,5.49314564780236,5.38179833381212,5.02132260844585,4.73761562769319,4.14562482045389,3.90681987934502,3.49656995116346,3.20378052283826,3.01569663889687,2.78328066647515,2.7105429474289,2.73306521114622,2.7008905486929,2.6271186440678,2.83142775064637,3.0436656133295,3.00933065211146,3.13391554151106,3.12518241884516,3.19658718758977,3.18353346739443,3.18079862108589,3.13265153691468,3.08183855214019,3.28159724217179,3.41611031312841,3.55363401321459,3.78294742889974,4.53153691467969,5.34723355357656,6.08226371732261,6.93833955759839,7.73277793737432
6,4.68267520455354,5.19779437922448,5.00724426764982,5.52663238575725,6.24239190194366,5.14967174412212,5.85702273535785,5.28938262022574,5.37152744089777,5.85754018304712,5.38601597619741,6.21186248827658,5.56156010478316,5.90475728469325,5.42896413440704,5.58976100384852,5.22366676368811,4.97606804437114,4.16199346722292,4.93260243847224,4.90116749134892,4.71074674169658,4.89845089098024,4.53701368002329,4.93868244882119,3.91206623330423,4.29847029526859,4.33520908120695,3.83199120338928,4.10947252676175,3.97622974677404,3.50923320720546,3.63316192878626,4.22473399954723,2.70680120306588,2.92063646065781,2.91908411758999,3.11273891530028,2.95142459816953,2.55182562012871,2.79269751948514,3.29268134924485,2.66682836906956,2.53086898871317,2.4285437081595,1.83205588435044,1.90255813201384,2.57653374729149,1.28990006791501,2.45092332072055,1.81498011060444,1.54810646486207,1.79053070728631,1.32534523463019,1.58199928850943,1.0,1.89324407360693,1.74253743410627,1.83140907473885,1.72559102228259,1.11189806280521,1.53167750072766,1.35509847676336,2.51275831958863,1.9029462177808,1.96361695934802,2.05119498075741,2.16296368164031,1.98457359076356,1.79091879305326,3.14313896704505,2.6983926781152,2.88350958895249,3.24572297144336,2.99269105138902,3.82759289803046,3.19967012709809,3.71233142524498,2.88402703664176,3.8748099996766,3.85424145402801,3.59901038129427,4.0607030820478,4.74037062190744,5.21318844798034,5.23828466091006,4.70039778791113,5.2499272339187,5.12768021732803,5.76090682707545,6.04304517965137,6.10488017851945,6.33656738139129,6.93331392904499,7.4261828530772,7.07677630089583,7.89188577342259,8.25202936515637,8.55176093916756,8.01322725655703,9.0
7,6.46745007841087,6.79278619968636,7.65158389963408,8.0567276529012,7.73505488761108,7.33108207004705,7.30013591217982,7.4515211709357,7.45185572399373,7.18053319393622,6.75247255619446,6.48225405122844,6.42916048092002,6.25194772608468,5.80461683220073,5.26802718243596,4.82462728698379,4.41806168322007,3.69709984317825,2.54178776790382,1.53595399895452,1.32384736016728,1.68549921589127,1.93758494511239,1.77265028750653,1.30544694197595,1.0,1.1279665446942,1.3213382122321,1.39410350235233,1.59015159435442,1.88790381599582,2.09365394668061,2.23282801881861,2.54747516989022,3.14247778358599,3.6017689492943,3.49730475692629,3.1453214845792,3.11119707266074,3.20989022477784,2.88152639832723,2.18348144276006,1.66860428646106,1.75190799790904,2.31562990067956,2.87667537898589,3.2386617877679,3.43022686879247,3.39779194981704,3.33200209095661,3.55419550444328,3.96082801881861,4.19561735493988,4.27044014636696,4.50907684265551,4.91407004704652,5.20083220073183,5.48747726084684,6.07814741244119,6.76234187140617,7.06360690015682,6.7544798745426,6.06792681651856,5.61012441191845,5.66430527966545,5.85896497647674,5.85481651855724,5.65284683742812,5.25800731834814,4.92176978567695,5.1236491374804,5.82213068478829,6.67614427600627,7.58015682174595,8.22350235232619,8.15358076319916,7.55958180867747,7.0258024046001,6.56134239414532,5.88679979090434,5.39636173549399,5.6204955567172,6.17406377417669,6.29826659696811,6.02900156821746,5.99984526921066,6.3913559853633,6.87023523261892,7.16246732880293,7.06126502875065,6.52096184004182,6.03743230527967,6.28389754312598,7.24259278619969,8.15475169890225,8.49616309461578,8.52393099843178,8.63082070047046,8.84342916884475,9.0
8,6.63044335530393,6.35956284153005,5.69830432088333,4.86921300208439,4.12730550391527,3.37929130753197,2.82466339924511,2.34953523745141,2.3083657258746,2.43550222522675,2.97435637428877,3.56066700467579,4.61036335981071,5.46875105627852,6.3831784124838,7.12585206467241,7.82868570784744,8.1626387245789,8.50019717199031,8.92744070756577,8.82017914483691,9.0,8.62030308151653,8.51890034364261,8.17706044729874,7.99949298631063,7.66756802433666,7.39107655906709,7.35975438003493,7.39580868683454,7.62497887442961,7.91972283251648,8.22663511914822,8.46864965354064,8.77646329784237,8.63652751957636,8.5952904061743,8.2471410061405,7.69889020336882,7.17745479127936,6.40070981916512,5.66256548926821,5.0191538504873,4.53017684637485,4.14693256717931,4.21484986761309,4.30985521942426,4.42401667511689,4.67291082192552,4.97428877246352,5.22998140949806,5.76374288772463,5.84702833643175,5.91652301278801,5.86289223142358,5.72045518562334,5.52889414680863,5.0094191876514,4.72076164723114,4.55139113289392,4.19285674046533,4.0262407751676,3.96023885978255,3.99829868739789,4.15964171032618,4.01226973128274,4.21365556870035,4.36953861754267,4.65097853642048,4.70606501042195,4.65302687172554,4.62028054757478,4.57336938764013,4.55160002253394,4.22411131767224,4.28312771111487,3.80912624640865,3.40189285110698,2.84631851726663,2.1199369049631,1.56537659850149,1.11492310292378,1.00428144893245,1.0,1.14038645710101,1.50250690101966,2.13052785758549,2.92153681482733,3.51798771900175,4.1430792631401,4.86770322798716,5.06564137231705,5.18845135485325,5.0326516815954,5.12979550447862,5.02695059433271,5.06262182412258,5.1462227480142,5.26673426849192,5.66247535350121,5.91974536645823
9,4.46941433458352,4.50637596340106,4.69372295264394,4.8719696657462,4.59220211845196,4.07991592136174,3.86457569138194,3.5177760375881,3.14759922515765,2.24433087417055,2.03070518897086,1.35840580307464,1.24036598936653,1.0,1.12595309730866,1.33796315377323,1.83320281910728,2.54820096443144,3.37724930964844,4.25700861393892,4.95360837489181,5.82502575938672,6.4749701191114,7.19118822899064,7.32521946997486,7.3636318674525,7.63700284383629,7.52562337715864,7.239953839179,6.91682809215678,6.48594980010716,6.16206569673989,5.80913324815563,5.54897745538474,5.40736924535301,5.04713679264724,5.16130239459259,5.17497259201253,5.16484029180233,4.92568107818489,5.04637513910069,5.04288340271195,5.12234925606891,5.03021885174958,4.97715039360343,5.21182541318056,5.1410872521947,4.97289700366814,4.51155256975642,4.32727197790875,3.97925235955982,3.71798211268186,3.48965090879116,3.86431191526192,4.10471087664345,4.66576268392202,5.34374842352553,6.13766640563821,6.71797386967811,7.43719243292256,7.50438939949718,7.69371470964019,7.59859044635865,6.94050199892841,6.2450892305156,5.47641594196925,4.75350121584305,3.95617194905824,3.26870543626097,2.69792688455673,2.14393108848865,2.17248485348061,1.84935910645839,1.90870873346247,1.87639615876025,1.78967975930429,2.17871656431604,2.31874871203066,2.80647075794419,3.43940155792771,4.30610394427729,5.19456126612538,5.90241107859704,6.84382805094176,7.22056629435766,7.72797263322755,7.89276676420888,7.79820302518238,7.79958784981247,7.79866463339241,7.86421299921691,8.2130239459259,8.13072579648024,8.27464864196513,8.85195565263982,8.75831513003338,9.0,8.88822486914232,8.80282735028644,8.49450603800025,8.06692494745085
10,4.37966784185122,3.62325810393789,2.78837886074503,2.39295416780229,1.57077043458384,1.39440483203067,1.0,1.02176875533009,1.34889793478165,1.69849922191646,1.94829481013882,2.78887120739223,3.42624910981968,4.11043511134947,4.93817532815783,5.55350313431392,6.14593682137488,7.00138912089748,7.1910832505429,7.77497120651304,8.21470709770443,8.28926244713868,8.7263959346234,8.524885485445,8.64164197606843,8.49428965808284,8.30121943714228,7.91237108870152,7.35777775824021,6.99815370007297,6.64714570823186,6.4207717533695,6.03185306969343,5.87718588723503,5.83558259554602,5.74513148293052,5.90876640789161,6.43104069772553,6.60406537660123,6.74322363967259,7.23936838958687,7.21369602869678,7.46964595000923,7.58647277586798,7.7951925866662,7.98893099234225,8.04238577118189,8.27554707625219,8.57798858810807,8.88640859496575,9.0,8.56638327428104,8.48971786778734,8.19677161269903,8.01987849588099,7.24478420270615,6.77177974521061,5.8722272531453,5.55969263502167,4.90437924758882,4.58653783596065,4.25972516506801,4.30191223921014,4.43124466990795,4.82331437212615,5.00119569900036,5.10124757123641,5.6858388795597,5.870820548439,5.64370807360582,5.96165850484874,5.48056549529193,5.32241671868543,5.13437546706992,4.83713876262737,4.62442039370148,4.75224413360178,4.72921637755954,4.89192991093801,5.15850045278308,5.54295284901663,5.59988922200438,6.27559982767867,6.84492838993854,7.10675130339983,7.62318776870258,7.72214944479124,8.17250595651524,8.66836936548826,8.69791016432069,8.90961922261981,8.92192788879999,8.73729789609727,8.60295759664501,8.39124853834589,8.15843890945218,7.66964419162835,7.22860709858362,6.97649044759585,6.47626625403329,5.82668518827863
11,1.21518618141751,1.53835434423308,2.06089380043426,1.48040963152607,1.74005898175455,1.66928087630035,2.0909680137408,1.0,1.79955925721878,1.9720970930421,2.71423015847296,2.92695336552484,3.43017791749036,3.68204945393266,3.65988268464206,4.00858800272223,4.44920115370905,5.60991023106588,4.36986745309006,5.63103995851833,6.08565317432025,6.46715494053213,6.78500826392715,6.12246815957481,6.34724697799527,7.85562433159413,8.55057199338886,7.75775350811809,7.72858670641994,7.80079074440159,8.24062611400979,8.15390349029394,8.61746119194996,7.96853226172343,8.06666234565901,8.05810675049421,8.56029426062158,8.47810869494766,8.22520011666721,8.83018439900185,8.45360858152121,7.78316103315293,8.64688725410766,8.19745924749652,7.55332663577146,7.73804971319312,7.69773471173478,7.19373237839064,8.09751434034417,6.65537803415757,7.2676216093593,7.4777522118158,7.33904786596234,7.30054768772078,7.25906601419451,6.6718410733383,7.5062708623651,7.62358622030658,7.89801341672878,7.60893800434261,7.78951291441164,7.16508409761156,7.42278899439349,7.32064037333506,7.47554849790971,8.02868068833652,7.66662345659008,8.36740447872444,7.98901383802703,8.35833036264057,8.08805133357099,8.37349709952361,8.53022004731503,8.85740674725346,9.0,8.16038500178242,8.58842402048158,8.3360339631202,7.71873480895745,8.73101727322812,8.35807110218103,8.68098000453706,8.0040509446803,8.66335029328839,7.37352950708105,7.21149171986907,7.52882652234501,7.59740091389312,7.31104773633211,6.80121204264835,6.39430275140163,5.85348543280293,6.28541335839518,4.98198139806203,4.11151440515928,4.26590400881486,3.99705091227274,3.61891953203487,2.68895226366789,3.25582525845027,3.03597238876106
12,2.70875927499943,2.4274578269892,2.88904458891365,3.71371359873806,4.46407540986117,4.97899427993844,5.11740904948964,5.91456663067699,6.14557441823069,6.30270382026602,6.90910691997274,7.00626373542227,6.95192697924085,7.44193792929177,7.44763501872229,7.33393826621641,7.43654713499192,7.41094086206764,6.94610737175806,6.63791321127472,6.26086390541606,5.96927094101522,6.13595675112755,5.21995237110718,5.41887696890339,4.84935792883233,4.77532639574862,4.84749565443783,4.32354720390833,4.20176425995268,4.36587719096736,4.12898853690473,4.16531513940257,4.32771281768548,4.31215302504728,4.72875728408108,4.80768953925555,4.56270244193793,4.81961054574135,4.94103818734542,5.05820832663313,4.58212155322261,5.1181196541928,5.00642607184152,4.85754213472391,4.94736624474512,4.35999632445843,4.52410925547311,4.60718262081429,4.63911082523566,4.67635631312551,4.44600399715145,4.44238971460951,4.24666712610936,4.11232608179612,4.31092784452459,4.60589618126546,4.76648059237478,5.10045867695818,5.21781749404639,5.78164679577006,5.95567143721333,6.49750752337415,6.64177252992121,6.62290474987174,7.12087937332016,7.22716378366375,7.38901013071145,7.36034090648044,7.50258436516506,7.55159158607276,7.56347583714288,7.15438806061581,6.95364223197262,6.28965564769934,6.31869242608716,5.8411783173677,5.52350125963873,4.49819668741816,4.24139884986178,3.73901357653167,3.11527417242884,2.23185775654132,1.92978949867145,1.45374560657922,1.33110503625769,1.25005934468157,1.12986913540542,1.0,1.53240219613609,1.78191020958244,2.17617330178494,2.8916174680113,3.66127587236682,4.12133115863791,5.20136576998767,5.6413391223113,6.30711447014771,7.09662079897085,8.18182444694585,9.0
13,4.93170690881701,4.68607607649496,4.39058793990877,4.37220571619869,4.19373979997489,4.02371008913253,4.09163493325522,3.98444156170231,4.37546972423317,4.4648165041637,4.58221701468804,4.70286144704356,4.75669581955894,4.90194585094363,4.97589655605306,4.90017156965309,4.91383018788969,4.91697702640499,4.69561702305729,4.54250491693518,4.62089634682178,4.67657195463866,4.20753232623342,4.544354220195,4.18252500313847,4.24107628572624,4.21216889149266,3.9466125455078,4.05008996945223,3.7725990710131,3.58017324350337,3.45008160020086,3.32859354730719,3.173929781981,2.59956479892874,2.79091936226305,2.61918232414111,2.48105619952295,2.7742143365276,2.96081516508348,3.15106498723689,3.67337322676487,4.2994601832866,4.90171151190526,5.45515336653136,6.12526258526175,6.75971879315395,7.22705778968071,7.47220990082437,7.43019625894464,7.45403188684772,7.48355860568272,7.19173954889735,6.70146880361552,6.36264803113362,5.64285893626815,5.18599824245721,4.52694212662677,4.30492363058124,3.9263254801858,3.87363267355735,3.76483240574131,3.69653931455831,4.04393020044357,3.94222705778968,4.43242750136,4.39313554002594,4.63547223500858,4.63935221994393,4.4599255136628,4.34133322174331,4.0516299117044,3.41851278403147,3.09097376239695,2.34088797757041,2.09198644181278,1.67985102732561,1.28288069632171,1.12386492028288,1.0,1.53663639787421,1.85958906975771,2.69547641963426,3.50645687743231,4.23091266686195,5.12423316734318,6.48698162949324,7.25999916307486,7.73209189438005,8.46336360212579,8.90425576432188,8.84968824538645,9.0,8.56279030840691,8.02280620998452,7.55804494287986,6.65205674352429,5.8420805958907,5.27136460643595,4.18470100849479,3.61043645645897
14,2.81619743273537,3.93241333859235,4.22578648067062,5.31667923171785,5.98127224887788,6.87740837082046,7.54248069059518,7.81560329720257,8.30301411446345,8.43773809107748,8.740577459796,9.0,8.71996744736409,8.74668856813337,8.65809746818379,8.65182659230819,8.75819183088606,8.59902342092256,8.47033066887678,7.86644931624486,7.65224098936048,7.59204856933162,6.81533868221737,6.15509933047416,5.52166098326934,4.72355822278585,4.21711909172155,3.58264225551822,3.11168749469522,2.79986120195116,2.33905167980588,2.34987593052109,1.92525375578533,2.37843437798004,2.57387001912218,2.92503906815583,3.27109555596607,3.60253331402809,4.26437034115362,4.51153072279833,4.866538186938,5.37467484809602,5.633737911339,5.55377425845395,5.7131823197248,5.73211477300528,5.83125053047815,5.36045553719338,5.68031014873359,5.60609812722489,5.53791733028444,5.77736892820946,6.0041589487296,6.44431851655841,6.98860657742984,6.92577799302016,7.11594130540064,7.53680894298795,7.65763314377581,7.72765126740592,7.51000793844956,7.50241898038354,7.08626448517407,6.43708903545342,6.04869415001173,5.64104727621311,5.01186273971372,4.44243126251304,4.24751486587016,3.69519848620258,3.40110639020226,2.88146247210309,2.57438926362143,2.09037350654797,1.82216375174122,1.50111088366427,1.20929547508375,1.0,1.19236011603117,1.04046112905722,1.25055544183213,1.63543544143272,2.29399723402449,2.85853583036682,3.76697405275324,4.76969509363876,5.53895581928294,5.92914808952973,7.03138433579142,7.24918743228602,7.94397651417188,8.20128213449431,8.03244778846778,8.0332865680435,8.01171795038219,8.08652910015927,7.89317043701414,8.09339910430324,8.05876949039148,8.61040685802158,8.6445971112032
15,8.40612913991794,8.78977953157822,9.0,8.75746510395194,8.95700571293951,8.86944657125469,8.94554056972338,8.37283310756425,7.80335355439072,7.50400691049728,7.30233425604178,6.77313151540138,6.36721832852347,5.94493197479239,5.85391758446709,5.6159765985433,5.31835404519308,4.68192080413059,4.30612325028957,3.89883581679329,3.17602135971887,2.70053202976226,2.16300528103343,1.68437481594911,1.25875100614485,1.1778667766064,1.0,1.32000314113513,1.52182107309029,2.06248895694682,2.44884857765475,2.90274260360838,3.74653002728861,3.77440760154701,4.23148202681744,4.57115652668983,4.95661307104855,4.98637532638357,5.00015705675639,5.21194809274201,5.29546302294992,5.55150480004712,5.48000471170269,5.89530203977462,6.16920902291066,6.23737165518189,6.81070734436657,7.36429314643579,7.33892848027956,7.34760586606985,7.06093802147751,6.88852896715551,6.21141802618921,5.56736753244204,4.82307556393192,4.14384435675442,3.48071146710643,3.04802010326482,3.15324813004299,3.63973143294658,3.79011327718554,4.26014488485777,4.65015607515166,5.26428725680743,5.91151814987141,6.35771639476216,6.83779963484304,6.94919213930934,6.98798515813652,6.97773720478238,7.32400808842295,6.89492902997821,6.61450419145219,6.8661091151815,6.15896106955651,6.46581070734437,6.33541433535544,6.13104423110902,6.15970708914934,5.79466792312072,5.71441192060781,5.41376602469717,5.02132045467931,4.80952941869368,4.63515715491686,4.30812572393349,4.16822741818325,4.1761980485698,4.44594302766162,4.48878025796572,4.39851188723325,4.41798692502503,4.39988613385162,4.35496790152541,4.20768792822506,4.1130612325029,4.32339949349196,4.40212419263011,4.42772444392092,5.11319865716473,5.44549148948701
16,1.0,1.08962303752834,1.47451935185963,1.51011250104945,2.11595164133994,2.08439677608933,2.8288976576274,3.39215850894131,3.71081353370834,4.60171270254387,5.08802787339434,5.48014440433213,5.87452774746033,6.22987154730921,6.29451767273948,6.59466039795147,6.31718579464361,6.43472420451683,5.9544118881706,5.61716060784149,4.91684157501469,4.90084795567123,4.25862647972462,4.0672487616489,3.86760137687852,3.17756695491562,3.09398874989505,3.14142389387961,2.97099319956343,3.14297708001007,3.41784904709932,3.68688607169843,3.92998069011838,4.65674586516665,5.07153051800856,5.49861472588364,5.52724372428847,5.98056418436739,6.04768701200571,6.49013516917135,6.37763411972127,6.30543195365628,6.20552430526404,5.90349256989338,5.77747460330787,5.33158424985308,5.04441272773067,4.31672403660482,3.71417177399043,3.16438586180841,2.8252035933171,2.31936865082697,1.80650659054655,1.72182016623289,1.51706825623373,1.2722273528671,1.2542607673579,1.66206447821342,1.52995550331626,1.77893963563093,1.91397867517421,2.34699017714718,2.52069515573839,3.15019729661657,2.90311476786164,3.32155150701033,3.53366635882797,3.36084291831081,3.21534715808916,3.39832927545966,3.35269918562673,2.97938880026866,3.2396524221308,3.19544958441776,2.79195701452439,3.26097724792209,3.60120896650155,3.81622030056251,4.5629250272857,5.19574343044245,6.01183779699438,6.77054823272605,7.55343799848879,8.13819158760809,8.60582654688943,9.0,8.96557803710856,8.99076483922425,8.88707917051465,8.36445302661405,7.79481151876417,6.97540088993367,6.20426496515826,5.53156745865167,4.91881454118042,4.48295693056838,3.80018470321551,3.84627655108723,3.63122323902275,3.94584837545126,4.04563008983293
17,5.57477425252503,5.81801520590399,5.84482397270964,5.76298856212793,5.70138012530378,5.3603255222849,5.21896323381864,5.00174801007781,4.7296470535774,4.71066865844686,4.67763483534369,4.84009275155515,5.15601881786359,5.3853648748077,5.76676997168402,6.10716817908185,5.98280974783171,5.72399723529018,5.23220530199996,4.49830327083008,3.48342288912176,2.5605449153865,1.83048315533656,1.11825823281532,1.0,1.17801163853649,1.86936746114914,2.79866669639473,3.62873960446813,4.55010144701344,5.04860538226572,5.23286704867227,5.03886646897505,4.59378386212125,4.30191968963903,3.97666495730307,3.91184588972375,4.27088359233908,4.71106106887249,5.30094133910058,5.89152081335979,6.52929477603621,6.49984615727631,6.37896590934427,5.95478807607411,5.51206885019286,4.91283137499721,4.6691266638425,4.50506343225346,4.46015027535618,4.41873313861452,4.46598292122807,4.14540144032463,3.74922744197454,3.25635994738133,2.83505384495329,2.33651423602595,2.08091235423959,2.00189516398742,1.98405832645872,2.29067356357718,2.93333481973646,3.58304162671958,4.10576798733585,4.85512920559185,5.49973824440927,6.08521103208401,6.59145615482375,7.12945084836459,7.45194087088359,7.91445006800294,8.17718668480078,8.5119841252146,8.54801453702258,8.74689527546766,8.7600945352389,8.5505116942766,8.37160821386368,8.37499721299414,8.25745245367996,8.15810126864507,8.04269692983434,7.92087132951328,7.95583153106954,7.88234376045127,7.91623375175581,7.88858665358632,7.99542931038327,8.25049608704377,8.59795768210296,8.78149874027335,9.0,8.95683485318053,8.6650241912109,8.27778644846269,7.71628280305902,7.00826737419455,6.32615103342177,5.68513076631513,5.06237542083789,4.9294731444115
18,8.40612913991794,8.78977953157822,9.0,8.75746510395194,8.95700571293951,8.86944657125469,8.94554056972338,8.37283310756425,7.80335355439072,7.50400691049728,7.30233425604178,6.77313151540138,6.36721832852347,5.94493197479239,5.85391758446709,5.6159765985433,5.31835404519308,4.68192080413059,4.30612325028957,3.89883581679329,3.17602135971887,2.70053202976226,2.16300528103343,1.68437481594911,1.25875100614485,1.1778667766064,1.0,1.32000314113513,1.52182107309029,2.06248895694682,2.44884857765475,2.90274260360838,3.74653002728861,3.77440760154701,4.23148202681744,4.57115652668983,4.95661307104855,4.98637532638357,5.00015705675639,5.21194809274201,5.29546302294992,5.55150480004712,5.48000471170269,5.89530203977462,6.16920902291066,6.23737165518189,6.81070734436657,7.36429314643579,7.33892848027956,7.34760586606985,7.06093802147751,6.88852896715551,6.21141802618921,5.56736753244204,4.82307556393192,4.14384435675442,3.48071146710643,3.04802010326482,3.15324813004299,3.63973143294658,3.79011327718554,4.26014488485777,4.65015607515166,5.26428725680743,5.91151814987141,6.35771639476216,6.83779963484304,6.94919213930934,6.98798515813652,6.97773720478238,7.32400808842295,6.89492902997821,6.61450419145219,6.8661091151815,6.15896106955651,6.46581070734437,6.33541433535544,6.13104423110902,6.15970708914934,5.79466792312072,5.71441192060781,5.41376602469717,5.02132045467931,4.80952941869368,4.63515715491686,4.30812572393349,4.16822741818325,4.1761980485698,4.44594302766162,4.48878025796572,4.39851188723325,4.41798692502503,4.39988613385162,4.35496790152541,4.20768792822506,4.1130612325029,4.32339949349196,4.40212419263011,4.42772444392092,5.11319865716473,5.44549148948701
19,4.46941433458352,4.50637596340106,4.69372295264394,4.8719696657462,4.59220211845196,4.07991592136174,3.86457569138194,3.5177760375881,3.14759922515765,2.24433087417055,2.03070518897086,1.35840580307464,1.24036598936653,1.0,1.12595309730866,1.33796315377323,1.83320281910728,2.54820096443144,3.37724930964844,4.25700861393892,4.95360837489181,5.82502575938672,6.4749701191114,7.19118822899064,7.32521946997486,7.3636318674525,7.63700284383629,7.52562337715864,7.239953839179,6.91682809215678,6.48594980010716,6.16206569673989,5.80913324815563,5.54897745538474,5.40736924535301,5.04713679264724,5.16130239459259,5.17497259201253,5.16484029180233,4.92568107818489,5.04637513910069,5.04288340271195,5.12234925606891,5.03021885174958,4.97715039360343,5.21182541318056,5.1410872521947,4.97289700366814,4.51155256975642,4.32727197790875,3.97925235955982,3.71798211268186,3.48965090879116,3.86431191526192,4.10471087664345,4.66576268392202,5.34374842352553,6.13766640563821,6.71797386967811,7.43719243292256,7.50438939949718,7.69371470964019,7.59859044635865,6.94050199892841,6.2450892305156,5.47641594196925,4.75350121584305,3.95617194905824,3.26870543626097,2.69792688455673,2.14393108848865,2.17248485348061,1.84935910645839,1.90870873346247,1.87639615876025,1.78967975930429,2.17871656431604,2.31874871203066,2.80647075794419,3.43940155792771,4.30610394427729,5.19456126612538,5.90241107859704,6.84382805094176,7.22056629435766,7.72797263322755,7.89276676420888,7.79820302518238,7.79958784981247,7.79866463339241,7.86421299921691,8.2130239459259,8.13072579648024,8.27464864196513,8.85195565263982,8.75831513003338,9.0,8.88822486914232,8.80282735028644,8.49450603800025,8.06692494745085
20,4.94413562083844,4.54930954469976,4.09761892620466,3.61437862436439,3.13669987101949,2.70830296217251,2.37138000200533,2.15783988897782,2.08275950111906,2.14222501667396,2.31629325532999,2.57604419270937,2.89247118551608,3.24448419571901,3.623563648724,4.0336469832198,4.48619849489734,4.99204982247492,5.55284830889076,6.15537935781799,6.77109115350474,7.36126214737991,7.8861090948409,8.31460957302869,8.63161740393842,8.83972534994144,8.95527689256556,9.0,8.99142473516058,8.93560036193119,8.82457399182048,8.63904032478299,8.35471120635115,7.95001411361306,7.41292709439642,6.74568809222583,5.96695696957557,5.11158177778287,4.22808915151027,3.37398514098438,2.60904548594016,1.98737314207542,1.54971544192532,1.31785899946353,1.2924949479704,1.45479903336699,1.77077479327133,2.19681266896492,2.68515860035046,3.18876192741549,3.66558320032159,4.0824423117184,4.41800392662037,4.66401311099484,4.82404722361523,4.90981044205929,4.93596306662428,4.91506412332761,4.85405702614835,4.7530130065268,4.60602528001392,4.40366219824781,4.13640472690673,3.79868019997915,3.39309227904922,2.93396721146771,2.44880198577129,1.97628115719974,1.56049057540139,1.24247846074543,1.05168540531553,1.0,1.08048004650665,1.27109368778194,1.54227491985125,1.86585359112761,2.22264456165869,2.6063710763667,3.0226998293491,3.48360756729716,3.99894021478127,4.56812266020104,5.17523777028139,5.78951814322734,6.37136515331612,6.88181353352368,7.29213422952699,7.59019510427863,7.78132997903506,7.88345055709737,7.91822948198464,7.90166535874979,7.83748336535872,7.71550783141349,7.51508321700579,7.21183876072227,6.78537870253477,6.2258158120789,5.53806718806313,4.74359978727592,3.87978511435351
21,1.96004720551995,1.82793501806587,2.07488653426966,2.71536252277274,3.60846294765998,4.50397002544207,5.15753150374006,5.45781836803046,5.44117687519743,5.18725141077915,4.7338927342707,4.09046844208534,3.29566107855709,2.44631806049034,1.68472423806696,1.16452022022898,1.0,1.22420993303515,1.79641149222598,2.63398930258062,3.62207038419069,4.608613063245,5.41249033736679,5.86737179662167,5.90762546403539,5.62776872184428,5.22323603098998,4.84870047533478,4.5318591946286,4.20701356701594,3.81928150279343,3.41836053364905,3.16731332014057,3.24584215938072,3.73118762094163,4.54519113978561,5.47304495591476,6.25046520483932,6.70019073917059,6.80529816138274,6.64231927956492,6.27040665329555,5.70421167968331,4.96400879816915,4.12206430648872,3.30499356639768,2.66695294669921,2.34536627451292,2.40937117509652,2.84502954406516,3.58423085292041,4.52598863087512,5.5339899807807,6.43648027896319,7.0524498878439,7.26306378598601,7.09548771140198,6.71848909069371,6.32032757646331,5.98409368547025,5.67248350422819,5.31231232518348,4.9023673684634,4.56506343419032,4.48913100470316,4.80559874507913,5.50231825722527,6.41495542007701,7.28452316668241,7.88175655012001,8.12342392075984,8.06190848957606,7.77322233016927,7.28714781064247,6.61406857946295,5.8017630666236,4.95640433758736,4.22501364379979,3.75851845460028,3.65944500436171,3.94650176218377,4.56994358033394,5.44182536421183,6.44130532732705,7.41020977064064,8.16550797219112,8.55116024815214,8.52674464815674,8.21154178533253,7.80426911966473,7.4410494539201,7.12860848141304,6.79506411212815,6.39802475183277,6.00880464534838,5.80214173247068,5.94769083362536,6.49805429495734,7.34907145386852,8.2694854412448,9.0
22,6.45498399816926,7.06996641441311,7.76719408606688,8.42449713992506,8.88704881855277,9.0,8.65012474123203,7.80284902085304,6.52308256357777,4.97511224520103,3.40011037898514,2.07028620938002,1.22420223778935,1.0,1.39282612874231,2.25871502630582,3.36835906740311,4.49000052172459,5.46453238075298,6.23800222266682,6.83860060492515,7.31641163282353,7.68540115730708,7.90287788023416,7.89411603093461,7.59985631084138,7.01424618640668,6.19437023440867,5.24380348817761,4.2838780812878,3.42462668562971,2.7418226508016,2.26421709901049,1.97442270610782,1.82368848773376,1.75531994053515,1.72762857651838,1.7277364034501,1.77177419585886,1.89272245473813,2.12188896055778,2.4717590998777,2.92630065554249,3.4413742899678,3.95481372589348,4.40342943205639,4.74190414547763,4.95674225493593,5.06919979819583,5.1256318360705,5.17989200991385,5.27593068975888,5.4368687433141,5.66144448536036,5.92493966726767,6.182535440482,6.37621036952419,6.44690104366822,6.35031734490066,6.07124215428962,5.63128100224715,5.08805692830754,4.52613513325398,4.04044197232588,3.71410923864495,3.59607066521252,3.68680793678058,3.93949011887838,4.27759182132111,4.62213468483629,4.91662968997362,5.13875083453533,5.29477207284426,5.40225046446384,5.47260471809973,5.50383939833036,5.48569353097275,5.41102790488056,5.28455694796238,5.12398908340126,4.95466567007764,4.80192390920147,4.68475744009909,4.61236507230918,4.58388638083624,4.59097192365502,4.62210680697418,4.66691333605824,4.71869654867757,4.77442950208381,4.83268825214672,4.89099392549705,4.94416879235227,4.98465678882502,5.00471272813867,4.99949091189742,4.96965402180235,4.92216484285017,4.86844748252884,4.82016653809889,4.78422967033712
23,1.0,1.32819518441101,1.647911738325,1.932725942128,2.18432063929253,2.43596492578916,2.74259672431085,3.16068775210772,3.72475905643723,4.42928307074429,5.2237002178215,6.02366017081761,6.73493935217726,7.28087147019134,7.62278000896746,7.76622175876643,7.75201009643961,7.63699683779099,7.47321195942683,7.2935345053,7.10797697389109,6.90917706867018,6.68207511236445,6.41271239558804,6.09340319444543,5.72414336481887,5.31180744529271,4.8691148322879,4.41437942083711,3.97103704301998,3.56477780745884,3.21739139460053,2.93946981678312,2.72611993982412,2.55863081597189,2.41149417140887,2.26123016218361,2.09324248241813,1.90491522438281,1.70526846558496,1.51217879429874,1.34777357305838,1.23226124452612,1.17706835958768,1.17966192875382,1.22350270897136,1.28536917933831,1.34809415427079,1.41194637673564,1.49678021903522,1.63188475558237,1.83853943663143,2.11563720251399,2.43728138399529,2.76418742332334,3.06304673656538,3.32433197940565,3.57041000653331,3.85032194309125,4.22269748168525,4.73251371479121,5.3900419610708,6.16047559673794,6.96937880300246,7.72287010464128,8.33504209297875,8.7519942928794,8.96365835175584,9.0,8.91461489406211,8.76340318228248,8.58714065935743,8.40383043011432,8.21134516951244,7.99624637454292,7.74336852133616,7.44243182742977,7.09068720775254,6.69268085604451,6.25909595102207,5.80623538601964,5.35585018780335,4.93337032667287,4.56285148104621,4.25965559765376,4.02460947032889,3.84338961195988,3.69191862585796,3.54503148970157,3.38437175277273,3.20289371516401,3.00564302990464,2.80774924886102,2.63044603416564,2.49542087191582,2.4180151230099,2.40106659209575,2.43262747774048,2.49059636470976,2.55406118457375,2.61614549763125
24,2.66894456436629,2.8225267764763,3.49977768571779,4.23246561390112,4.66719988675753,4.72462431407325,4.5906073129457,4.58909525914342,5.00024840051187,5.8567711378453,6.86369628436541,7.60482715830773,7.86292386708779,7.72041147389705,7.41587024077785,7.15535518757824,7.01237845524801,6.96752673118619,7.02408101439899,7.23448152603449,7.60784784228745,8.06042210787394,8.48358693828365,8.81009266251289,9.0,8.9948099152726,8.68105326465843,7.90538297646615,6.59192074468284,4.90573044477341,3.29278335034547,2.27115814679122,2.09762946215377,2.61145078696943,3.37599884684234,3.96161113506023,4.16660164298231,4.07709776261789,3.97930327880793,4.19635408152035,4.88601313823315,5.88181861629588,6.77709382342395,7.24183894596211,7.2412218384943,6.97356053810096,6.67749654048415,6.48516940307307,6.40272366609156,6.41224081754262,6.55256608861661,6.863519269975,7.29720044807031,7.74363449263857,8.1157468252185,8.36749015404859,8.4535300990391,8.2859087740865,7.71985775609102,6.62703141918632,5.05594188208918,3.34618774699136,2.02560556667697,1.49514314287891,1.76629112135558,2.48558859678138,3.18650024955067,3.5551538439857,3.56164994396318,3.42595388540803,3.47851376115975,3.97155589949369,4.88142630076786,5.87082441403285,6.53728464824115,6.71545284396364,6.52781089641706,6.21932028156052,5.97722237082732,5.85286791610355,5.82295282176317,5.90146286484521,6.14127412397138,6.53575537518825,6.99024039657777,7.40058149137465,7.70684806304377,7.86919392908757,7.82181426353131,7.44103829694132,6.57555950522941,5.17951028162294,3.46851812358265,1.92191668163019,1.03606584705082,1.0,1.5899450485448,2.35024589153796,2.87791670127188,3.02023148899886,2.90603832786558
25,6.01912236027729,5.74046504521673,5.44660303082157,5.17256451957318,4.94510678131428,4.77811968529202,4.67410266104644,4.63234789436773,4.66006879531217,4.77908205509532,5.02154188947153,5.41424432704343,5.95884912168828,6.61924572232071,7.3239788267002,7.9833994179608,8.51381514319936,8.85870634244338,9.0,8.95724895385226,8.77682649070708,8.51580938433712,8.22598360294055,7.94247478744468,7.67934010899122,7.43200559088269,7.18431399432293,6.91673025919296,6.61250288591537,6.26049578500533,5.85604132479099,5.40240086486682,4.91380712743125,4.41791488865818,3.95386843487191,3.56413771810039,3.28242043702678,3.12297122579219,3.07650147928257,3.11477656875459,3.20206975888512,3.30857303684658,3.41973409094192,3.53712725028452,3.6706763881581,3.82679318232124,3.99915397829303,4.16674617848818,4.2992187583358,4.3660093508754,4.34513709910564,4.229105082342,4.02699157758237,3.76273785352974,3.47010642965179,3.18527401169312,2.93874078688376,2.74922321611326,2.62269437875434,2.55834040311141,2.55934712174322,2.64210403260343,2.83634165033296,3.17307978050478,3.66508725466068,4.29043901826208,4.98908366093358,5.67528768982203,6.2604204327187,6.67626933213097,6.89039742132768,6.90962328418082,6.77236335068339,6.53380415903252,6.24926045938972,5.96074849690314,5.68995369226141,5.43836917456662,5.19304431331423,4.93478722011453,4.64534978463136,4.31142770989638,3.92593839999108,3.48900691826256,3.0105264231193,2.51323981767545,2.03277532640855,1.61169083519475,1.28827281192873,1.08467320941668,1.0,1.01179529898925,1.08545767227012,1.18763634728557,1.29769156445939,1.41189273157619,1.53845247110122,1.68638522253105,1.85460463813633,2.02709895396896,2.17592713986362
26,3.19994548106999,3.49408775556674,3.9208809611131,4.36622502777879,4.76406478845478,5.1241074340368,5.4983494554639,5.91394676266573,6.33091698944504,6.66133163403996,6.8328521596254,6.84400350534309,6.7731456195565,6.74597333125545,6.88661195347892,7.26440224479163,7.84392285603363,8.46834813891013,8.9130376380667,9.0,8.70147009608129,8.15644636546505,7.59054068698715,7.19839681414651,7.05984430900995,7.12614501702812,7.267073711238,7.3390036590235,7.23784626045797,6.92645450858223,6.43711647171914,5.84568655751138,5.22563252091795,4.61222708767919,4.00419113144295,3.39854025451283,2.8269534127023,2.36370250640514,2.09858803876874,2.09074385193738,2.3300726871061,2.7328692295932,3.18268847571922,3.59544381007423,3.96118980273147,4.32670294391259,4.73208537422186,5.15630311096831,5.51913082629892,5.73723660699342,5.78694086761092,5.72697873359522,5.6747867051036,5.76002582298274,6.07218899007967,6.6079529789807,7.24130972152382,7.75629985645073,7.95001636372494,7.74800365652361,7.24878140088086,6.666037046573,6.21347598480723,6.00638471250238,6.02805550563753,6.16359755367913,6.2667528990077,6.21902227261579,5.96386546743426,5.51615321658861,4.94407279865815,4.32634800760743,3.71019626757552,3.10171916710821,2.4941968558754,1.90764305113625,1.40618450439111,1.07961981956303,1.0,1.17817346557895,1.54808279851226,1.9959848336673,2.42303892094593,2.79830064792531,3.15835408136494,3.55197519098383,3.97723842736003,4.36601519525402,4.62885035265563,4.72154373544536,4.68130692294408,4.6138348114469,4.65050651864783,4.89700522432649,5.37966095247856,6.00558790590787,6.57537424945825,6.87014332419468,6.77219121180048,6.33504806641582,5.75162443657073
27,2.06434750954132,1.37005162685458,1.0837986600249,1.31628120140202,2.05102973949024,3.1996776304988,4.65536441990904,6.2563528427074,7.72992530760129,8.73473108796563,9.0,8.45794055114386,7.28339700787505,5.82352685146678,4.47414825770365,3.57384831113565,3.31609057839403,3.67782898473381,4.43259262045383,5.27361196134827,5.9602073274415,6.38671230153117,6.56670194474414,6.58239061254182,6.51663763686118,6.38763586323575,6.14232282436348,5.71491839722525,5.08172271527173,4.26863325058812,3.33846816452073,2.39207726043865,1.58337896984156,1.10712487599018,1.11889265352833,1.65329884082402,2.6419153187954,3.98466605907272,5.55149513644051,7.11807643337012,8.35841770231921,8.9533194409119,8.73922973104998,7.79281688697885,6.40353742439114,4.96176966455916,3.84086460581719,3.30522437337122,3.42692005234288,4.05454173028884,4.89542474449157,5.66716602051685,6.20607262081487,6.48120302924099,6.5534605693662,6.51461223934509,6.41511259646614,6.22711109125722,5.88142086692034,5.33322476509558,4.5892347455526,3.69797216007305,2.74300051410159,1.85466169173091,1.21652399359424,1.01325355837934,1.3343709421834,2.14563520475453,3.35396493897641,4.84802568704937,6.44977307583623,7.86847596524033,8.76363578909561,8.89114594617261,8.22442683796799,6.97473247205476,5.50618287519472,4.21149194758327,3.41094721331332,3.26534381642612,3.71317626247839,4.50368727120847,5.33218569765397,5.97868844389941,6.36020581748931,6.50585546425168,6.50317040434353,6.42782237442295,6.28424628766681,6.01221088366373,5.55037200271793,4.88397652711749,4.0459028927001,3.104709500398,2.16910749357572,1.4024194945463,1.0,1.10087999897937,1.71807595315756,2.77348901659144,4.16473931807077
28,5.71565966162934,6.33260354013395,6.76418743300066,7.1522462988622,7.56460944607136,7.86922903638547,7.84503382187403,7.37143582566506,6.47300083158238,5.25188113471819,3.85402804742514,2.48843373528318,1.43623268215309,1.0,1.38338752085595,2.55760547124868,4.19675557148377,5.75336379449789,6.70227090432916,6.83280453524294,6.34948280845487,5.67489521196474,5.13017186635187,4.77017649517188,4.46372795003763,4.08627442428177,3.66788703192831,3.40611052762099,3.51969212659626,4.06407392727929,4.89227015052551,5.7628919888115,6.47353770194685,6.96858908659925,7.35724089288318,7.76398088759149,8.14002466810348,8.27613765688348,7.99369797659934,7.26238850849233,6.16039160906178,4.81488600985345,3.40554407542814,2.18539042322476,1.45926041608287,1.48933542013588,2.35703856670446,3.86040910296661,5.5235661740128,6.7743574909561,7.24282361175633,6.96866747475215,6.32228230308708,5.7010247394104,5.27350819169493,4.96470052971804,4.62408194099407,4.20660299886529,3.84956816458375,3.78783609748689,4.16071243979497,4.89798244076717,5.78058525064788,6.5748823271368,7.15429449686147,7.56782760624985,7.96030374476933,8.36877258217262,8.63275278900284,8.53701539269892,7.98720070947539,7.02617093010682,5.76375845172412,4.35463773277968,3.02043880402206,2.05155594701457,1.74373711448604,2.2699833035949,3.55309167579784,5.21988292168852,6.70570714549827,7.52002448196352,7.52323560337419,6.9771896848428,6.30860456376795,5.798269115658,5.4587464352334,5.14614766739901,4.75439405243129,4.34539945302992,4.13400180521003,4.32225479318574,4.92896797794199,5.78168086011045,6.6367019440237,7.30989143086806,7.77626584511685,8.16221532457328,8.57321899097426,8.92536201508371,9.0
29,1.0,1.20953563383224,1.75375425208674,2.58326616868881,3.58506726903102,4.5765791152077,5.34049603133357,5.69532621505896,5.58335611569704,5.15276670757214,4.7280123788769,4.62486631752582,4.94481351310469,5.51618419945147,6.02790082398256,6.23854993946637,6.09129850612298,5.69934910724132,5.2828049738543,5.07476270525651,5.17255645580094,5.43857011808647,5.59114045442065,5.42284906435406,4.94112669968018,4.32877535203785,3.78786948428125,3.39925122776744,3.10037058512456,2.79235668747793,2.47658533797956,2.28073526068517,2.35323726661069,2.76067212974369,3.48135847740958,4.42985576670449,5.45145120790263,6.33590567233494,6.87723749673459,6.95439862533161,6.62425183486272,6.15283951941842,5.88777651177653,6.03805880881108,6.53946518855045,7.11357223290572,7.46771976908829,7.46404205445121,7.15168698244965,6.71494367508518,6.39689714969616,6.37038559850309,6.5968580298702,6.83103124416167,6.80870176205227,6.44234060467975,5.85688542185652,5.26738317453338,4.81604180799172,4.49325058634013,4.19696580185085,3.87480967772108,3.60907325268369,3.55597510213455,3.82245075827211,4.41973189031361,5.28804238528175,6.3025590099843,7.27098831367957,7.97665274590096,8.25218500171886,8.07015365312026,7.61517058336881,7.22613277476452,7.19485388246015,7.57542561466235,8.15908444142437,8.6326312690484,8.78177724121209,8.58170220354108,8.16838639342388,7.7722467008197,7.61479429070203,7.75670682246752,8.0241458243956,8.13223646364135,7.90451685588594,7.38530971145609,6.77284658612696,6.25632409586183,5.89002658149349,5.59521614251681,5.28179795641154,4.97495247028321,4.81527539755922,4.94223223705842,5.40574054889202,6.17243022430748,7.14602018570595,8.16005192433122,9.0
30,6.64934455902542,7.22955585225502,7.47674159923355,7.55441533905682,7.67653703930411,7.94697127698644,8.32458706009552,8.69557934771577,8.9466089620519,9.0,8.81559336685722,8.35828956840438,7.58727788279968,6.51072591398671,5.2352928667883,3.94342711393844,2.83222123571861,2.0789702057259,1.84288567011343,2.22110457070818,3.11533933042228,4.17214257352718,4.96128941551672,5.24343982922892,5.05595359195465,4.59532858391005,4.07980913610472,3.71311791840783,3.69151338106928,4.13227110238091,4.95459497761486,5.8798695513585,6.60046838001518,6.97569863225707,7.09636647059343,7.17856799547865,7.38496563724822,7.72974151310292,8.1184465317548,8.43129699311082,8.57348108833134,8.49162370578111,8.15306083543166,7.51605860809777,6.55960954200701,5.34777002668409,4.03831637776947,2.82913074176753,1.90667576108814,1.43783646055474,1.55788578840437,2.26709155945454,3.31073208795522,4.25605319727447,4.75927964576707,4.74852679297248,4.37417619882608,3.85626113190218,3.4030275182869,3.21623456304274,3.46107461665633,4.14952742524477,5.0727622116729,5.90858076388506,6.42899315665752,6.63245901157863,6.70410798678104,6.84824886233453,7.1427180006711,7.52785518681335,7.88590137199764,8.10792028567197,8.12348014198431,7.89603269713097,7.38844439181351,6.56308135062933,5.44289161366809,4.15077735742466,2.87589342193856,1.81304177981941,1.13618693029288,1.0,1.47920472444736,2.43107472652185,3.47065314193742,4.18339266132376,4.37752500963113,4.12850356403235,3.6439059365361,3.13926951569447,2.81753146373441,2.86958653278767,3.38660529930402,4.24926770557028,5.15913186004688,5.82500624171044,6.14555983085319,6.24395311866416,6.33933208830833,6.57201984915817,6.93241244689401
31,1.63999943034182,1.20066594762767,1.0054738937406,1.0,1.17844314926413,1.49943963165883,1.84313094536885,2.08280614959188,2.17162945797673,2.15641637474739,2.13091971690082,2.18770359270628,2.40119323666847,2.81565883309259,3.40660596566734,4.03670984785324,4.47984815535815,4.54679838107709,4.21038536256749,3.61563119245447,3.01278485930539,2.69165866323045,2.89087289277869,3.66106961361175,4.78350728286168,5.8561293180081,6.50369988219786,6.54066288651174,5.99419832853203,5.05388623429392,4.00841781774175,3.13610861263912,2.57163401011491,2.28484937474569,2.20280275312983,2.30546048612972,2.57780161292035,2.92950895387428,3.22397467572071,3.37457898848253,3.39257351491117,3.35932077081735,3.37169751909688,3.51237101457729,3.84107602979254,4.36822199284009,5.00630712699936,5.55593217725486,5.79364760501055,5.61605167735364,5.10274863278424,4.46888246025001,3.99586318251273,3.95854691029584,4.50223873938474,5.52059203922707,6.66611990283651,7.52591830508911,7.82487527053483,7.506069579969,6.69844583643931,5.6590474790185,4.68772655361508,3.99109240275558,3.59871623163508,3.4374415068885,3.462962641195,3.67056609681789,4.0052817256413,4.33895504017586,4.55370879930232,4.61973525865717,4.5958269329567,4.57812133813825,4.65661441463077,4.90203253829916,5.35055387453211,5.96100991767813,6.57646347340945,6.96625854596367,6.96202402260649,6.56823881997971,5.952771292759,5.37695983309401,5.12996436833062,5.42870185572838,6.28050555179321,7.42479449800525,8.4483157195114,9.0,8.93182100221558,8.30227426541602,7.32263695885364,6.28928632759761,5.46452543502541,4.95196648137378,4.70372040213581,4.65271333494674,4.78640278242429,5.08072102345742,5.43216861463712
32,8.95931922668324,9.0,8.95768397878626,8.86879203998283,8.7590672803107,8.62916301818028,8.48049553062663,8.33049624546941,8.19207794826583,8.05354694341646,7.89120895139225,7.69345683517375,7.46466306493169,7.21866127175877,6.98225669897128,6.79234896508772,6.66732594466176,6.58003655216488,6.4743950525499,6.31931605286242,6.1437522393721,6.01116158096044,5.96154150927894,5.98399724154929,6.03815899947154,6.08647441118221,6.10673101469407,6.10009748787318,6.10261569444754,6.16460866519671,6.2945229764051,6.43548210807421,6.51384583169204,6.50266966589347,6.42848836385887,6.32622891352742,6.20532788642801,6.06313198595351,5.91114006759993,5.76782045644903,5.63215548037496,5.48219757374885,5.29937826279302,5.08230738250942,4.8411184686298,4.5964452302161,4.38302990000975,4.23147809997712,4.13465655476577,4.04317745560197,3.90871806468154,3.73467698488681,3.57679707769589,3.49111591739618,3.48766579630546,3.53388650201643,3.58829638679373,3.62174129724321,3.62400459950754,3.61633404131762,3.64887135099538,3.75407983247729,3.90014883339534,4.01146783257789,4.03668122637266,3.98372622078811,3.89033335514457,3.77756816700035,3.6439516944111,3.49357017127677,3.34518818076915,3.2082249546595,3.06725482709495,2.89925366547935,2.69567175381142,2.46275974557061,2.21605382619916,1.98491525134041,1.80569291277634,1.69020519459771,1.6038151440859,1.49054876564166,1.32840818883539,1.15556682537797,1.03547667954125,1.0,1.03085225840969,1.08629133839159,1.1309650986025,1.14575556014485,1.13720906436435,1.14660396475213,1.22131905625517,1.35844755208971,1.49336518564854,1.55678630927102,1.53224931200849,1.45142241889139,1.34609237438828,1.22162655784439,1.07647752776563
33,5.95551465575694,6.2273594071488,6.54741594339667,6.90273502504189,7.27932814371297,7.66196655226023,8.03330273163389,8.37327472451994,8.65976610161055,8.8708665883606,8.98817566974122,9.0,8.90330088108806,8.70382336729439,8.41460985984013,8.05367059853957,7.64165526493854,7.20001343894786,6.7496475488028,6.30972907644534,5.89641439536083,5.5215108071622,5.19144112769394,4.9069476336726,4.66385511399271,4.45494491933678,4.27276910057241,4.11289499738847,3.97676305134317,3.87315906040608,3.81751110298575,3.82891285464721,3.92561922847467,4.12033855093513,4.41657560447453,4.80666685986406,5.27140714913188,5.7808585250063,6.29617392122279,6.77271920929153,7.1648882362771,7.43246246635241,7.54743493413287,7.49942782885651,7.29785534260109,6.96979724239816,6.55396154966593,6.09242640531168,5.62258787363112,5.17158649849678,4.75450226611441,4.37617643289606,4.03528300584435,3.72872917031358,3.45485337057367,3.21482883440187,3.01263017825031,2.85431808542296,2.74718513072882,2.69882820112443,2.71594968957889,2.80284694597188,2.95996577009018,3.18314226199674,3.46393575709985,3.7908606246745,4.15076127943751,4.52948101748783,4.91150343119081,5.27904207397082,5.61159854626303,5.8868937498235,6.08336338226827,6.1835328997471,6.17707395681451,6.06246705917011,5.84682252085991,5.54419013238115,5.17317671251099,4.75467948862991,4.31014128183361,3.86025617847829,3.42378348808937,3.01623870975739,2.6485806339203,2.32627192994992,2.04914426039044,1.81234951855954,1.60841419742394,1.43016893667113,1.27399449676904,1.14251512856586,1.04574740041346,1.0,1.02456406703125,1.13707632128687,1.34890974365308,1.66178032964072,2.06607458045984,2.54069907656115,3.05405714123006
34,4.62559620460144,4.73295808871798,4.82838966374654,4.91359086388718,4.99427948415604,5.06027758090457,5.08970296247847,5.07574852863392,5.04086498889974,5.02100769410963,5.03685571074786,5.08007300591545,5.12471075059967,5.14413017526429,5.1146163954925,5.02012183778642,4.8721263383396,4.71640893348427,4.59913085378983,4.53046401022053,4.49967635494282,4.51040962334255,4.57276439333343,4.67575856532042,4.80159546049517,4.96274490932939,5.19136643469031,5.48021021804178,5.75801589970967,5.94203168917818,6.00108553878655,5.95699862380704,5.84895261935388,5.7104900377136,5.54823691678689,5.33071824248993,5.04079500370856,4.75475400352122,4.63411376960554,4.81224133701088,5.27788975547928,5.85790372595124,6.32049938284036,6.51415330206908,6.40296886752115,5.9877083396157,5.27722721600318,4.38053443977039,3.54611394699342,3.00467575478351,2.7861851120811,2.77505240120204,2.90640623388954,3.19508555095021,3.61248465950389,4.07531126253056,4.57108903351487,5.18801466768433,5.96113667715725,6.7449055420288,7.30641499702246,7.52182197423806,7.4330627612626,7.15434037253801,6.79084214083975,6.39682105909211,5.93335875226533,5.32889336903445,4.65932529563287,4.2165600375134,4.32657201853436,5.07932384271913,6.21519503587649,7.2673316162643,7.8527591703674,7.84158945195567,7.25223638192785,6.10696102343393,4.52665595172879,2.89013854071815,1.68091707925447,1.10442610355432,1.0,1.16965471693706,1.59396374923948,2.26945403488243,3.06665481970859,3.8872470495397,4.82594904156293,6.01467702317219,7.33593556324275,8.42675510520023,8.98850928279624,9.0,8.62961743377368,8.06703283570069,7.44399541719494,6.76406512194856,5.90941839597315,4.87296656504165,3.98106595091269
35,1.0,1.04844992878267,1.17241012169397,1.38607276511511,1.65893810712186,1.92848789325442,2.13665168443983,2.26274229839493,2.31980536042132,2.32451105145827,2.28004180130165,2.18614273895471,2.05957114688325,1.94548000608254,1.90119619280934,1.95280293924968,2.06875614113415,2.18423861910988,2.24485899880867,2.23250516059193,2.18043349634556,2.16976496426357,2.27344522188554,2.48199449438693,2.70459996922511,2.8573584472913,2.93802380067152,3.00569963663992,3.10021743068762,3.20116172068208,3.2670046647838,3.29366660371314,3.32379905087523,3.41222240297662,3.58971133256386,3.84432768464476,4.12355520316867,4.3623093078031,4.52231320388774,4.60556808524965,4.63086198004282,4.60713474764399,4.53317535022523,4.41635870870524,4.29001092622947,4.21066113472575,4.22290962541971,4.31911769663314,4.44283316817303,4.53092476986074,4.54812909919002,4.50486704014169,4.46573196866836,4.51708596762608,4.68973795490591,4.91952791552557,5.10700044787354,5.2123725504937,5.27769303084189,5.36017880346519,5.46384649743136,5.54784708005479,5.58779617315226,5.60954938400916,5.6679799577391,5.80722118435734,6.03415135106832,6.31125358975424,6.57379170012357,6.76840449875597,6.8814741630917,6.92888433024283,6.925431774633,6.872455749818,6.77115912153261,6.64279652912304,6.536680365613,6.50819649354909,6.57428957496363,6.69490015193018,6.8041869020142,6.85257829341287,6.8296542023954,6.77807870592213,6.78303547192384,6.90785327570006,7.12628364689611,7.34129784081147,7.47961204919234,7.55343949017937,7.62443748377298,7.72287142517456,7.82036636178478,7.87840883570145,7.90180166121305,7.93818867970544,8.04046743546261,8.23302224070964,8.4962814900009,8.77297481579831,9.0
36,1.82066775736576,2.31387940896824,2.96301075252392,3.70222774002396,4.46450877904209,5.1950903041629,5.85955903281123,6.44422107869923,6.95008376771854,7.38440994230081,7.75377204900288,8.06027414823832,8.29989124846015,8.46094188284073,8.52245902562316,8.45473950461231,8.22462580022033,7.80537527064039,7.18775580509568,6.38803116969666,5.45000528904139,4.4405731285634,3.44018810348175,2.53109862047641,1.78672161569578,1.26421966336341,1.0,1.00654494924715,1.27028588984404,1.75235975962382,2.39418581728615,3.12739673086298,3.88520477519288,4.61190323681678,5.26849240175713,5.83352149608178,6.29891668823815,6.66196660675043,6.91669016280826,7.04890412722576,7.03786578999925,6.86412309312852,6.52000578033514,6.01767848329681,5.3907236455642,4.68874204515601,3.96857630000428,3.28731321226575,2.69949899637486,2.25646891831455,2.00361859313341,1.9736934527573,2.1782752911061,2.60182554788861,3.2019100354622,3.91668235696021,4.67785601364258,5.42495905429756,6.11580184847178,6.72965917084912,7.26319139852971,7.72235633490349,8.11457500448114,8.44381537253324,8.70840916095005,8.89963995393542,9.0,8.98260289551608,8.81459159224299,8.46560484377976,7.91894273622703,7.18111417464451,6.28619738043323,5.29365935553058,4.28038480870333,3.32932845145184,2.5181233244683,1.91042024300911,1.55050425298802,1.45978449154648,1.63418866019264,2.04358547650913,2.63552959888797,3.34386273920389,4.09997857447296,4.84330546396833,5.52847312328445,6.12793864282854,6.62958437869814,7.02982340000294,7.3246983998676,7.50316387669746,7.54620586930459,7.43273494690543,7.14967720357324,6.70148285475663,6.11432509142778,5.43298589207798,4.71269925619721,4.01100389122199,3.38345770486745
37,8.36175802215327,8.57974336586326,8.76770147887742,8.91159881522172,8.99458625599332,9.0,8.91504422192262,8.73400177167473,8.45986567806429,8.10426294235761,7.68654857940999,7.23275052293032,6.77375318023262,6.34140216226623,5.96248300235514,5.65292015812084,5.41564395619236,5.24397259702687,5.1289300745813,5.06620900371649,5.05831602244292,5.11025294449386,5.2212367994102,5.37797109095481,5.55463802936437,5.72087279179247,5.85382881571014,5.94730345108662,6.01213891415531,6.06715263010781,6.12544464718469,6.18356252524384,6.21920924906027,6.19857368103858,6.08969381977113,5.87577052144257,5.56279114956063,5.17881931258143,4.76626748390268,4.37131115989055,4.03476506161904,3.78669525005889,3.64453086666951,3.61316253284599,3.68587388399436,3.84607391022564,4.07043502141658,4.33352485486701,4.6128295348419,4.89231434808789,5.1631692767001,5.42176164533293,5.66607786824949,5.89227178571195,6.09243997487613,6.25403948120779,6.36095271114955,6.39603868204264,6.34468684766553,6.19834735827081,5.95680898679695,5.62867666019192,5.23064038398742,4.78646677108382,4.32560978792267,3.88017786535267,3.47953150506455,3.14400878307799,2.88111817808002,2.68692647857381,2.55235482215195,2.47084211416083,2.44261406143464,2.47262064378093,2.56314783676486,2.70583448950098,2.8788335440252,3.05210458142245,3.19873364177065,3.30594820578945,3.37906087186904,3.43550795853219,3.49200217467181,3.55183421668155,3.59911057510176,3.60282200661246,3.52866725171935,3.35311798496277,3.07359770401649,2.71081925488372,2.30320454799303,1.89677821814188,1.53511719822737,1.25252850178299,1.07104758244442,1.0,1.03670126592439,1.16783798932879,1.37203880043479,1.62403488241542,1.89973897842819
38,1.0,1.24085972173169,1.45560299672037,1.62356503929268,1.74553290663729,1.84221867436954,1.93380054035632,2.02095718421715,2.08643458346149,2.1201358651675,2.1478484974386,2.22867294420677,2.41026127799578,2.68180958103722,2.96895436821364,3.16886745009736,3.19938209274169,3.03886286447529,2.73479786460693,2.37452783525863,2.04361449030116,1.80310461465507,1.68717121020172,1.70344853855142,1.83019349208805,2.02192417781971,2.23074203957105,2.42926562417162,2.61752709190748,2.81179756606278,3.02611997645937,3.26144429501829,3.50523398456682,3.73408750307184,3.92287984524927,4.06227804756089,4.16643562419325,4.2586902393179,4.34910308291003,4.42600028339498,4.47229059721048,4.49659242825648,4.5475564349988,4.68451058469601,4.92450383141001,5.21710179533748,5.46557305322425,5.57327891305004,5.49011343699428,5.23643349383623,4.8882297793945,4.53608498262339,4.25233918968711,4.08208566458231,4.04428907969278,4.12958109772162,4.30057344975321,4.50716860554172,4.71145716320751,4.90252900261161,5.09207659483272,5.29710487370398,5.524492228778,5.76706628694923,6.00543622199123,6.21332753393811,6.37280334849916,6.48877615703349,6.5835630696688,6.67500452913854,6.75993969517294,6.82008309866928,6.8497743906398,6.88187421871532,6.97747238148045,7.1768868448955,7.45761413900155,7.73733829754646,7.9132482286293,7.91115503239253,7.72156209484326,7.40151310690294,7.04072720467104,6.7215076844172,6.50025359477101,6.40678609926061,6.44396552101446,6.58521681868988,6.7828413172619,6.99107099330494,7.18720741757556,7.37517807739177,7.5721323181615,7.7903135976347,8.02827518396678,8.27141549830764,8.49508856830397,8.67556536267416,8.80751517293035,8.90814605669553,9.0
39,3.65512910607451,3.6438885366942,3.70840568634416,3.75986826970605,3.76272038159122,3.69903309892556,3.54630989670399,3.30050254493268,3.00336139215,2.72895379752558,2.5287416269325,2.38204580511401,2.2120780892999,1.97316137383907,1.7149137281931,1.52056940484958,1.38883635783705,1.24059460707189,1.06160240192652,1.0,1.30444571837853,2.15129834179671,3.47038234889693,4.89745480715546,5.94052658157893,6.26703184464524,5.87410960182239,5.01537570004994,4.00864532142742,3.10971422360612,2.47787539954395,2.16721268392053,2.12933910083461,2.25433598245861,2.44184217006531,2.6439726080843,2.84479970150377,3.02334232252415,3.15905408833457,3.26436411251624,3.39166752993478,3.59325118364996,3.86289869704299,4.12056274634774,4.27721518916478,4.32634865141956,4.34023632324368,4.35463826715791,4.30756335451545,4.1413268457725,3.94210010402421,3.94557763186998,4.3973659833538,5.36371261622962,6.61396762626421,7.69507078311039,8.19206212623577,7.9738755397942,7.21866515464831,6.24403182156317,5.3388087227724,4.69747267251266,4.40737913639268,4.4449171473139,4.69943933169397,5.0384592862396,5.37200360398205,5.65923505092337,5.87055223108014,5.97375271343453,5.96237671409231,5.87889599016249,5.79323527444671,5.74462011766162,5.69935736291002,5.58078531012562,5.3612176363538,5.10882497531004,4.9050628731987,4.73553751491839,4.52572825231551,4.2900089944578,4.2051546575551,4.52339015994681,5.39135682193193,6.68811753478857,8.0111259103345,8.87570623232455,9.0,8.43633797440928,7.46369943883933,6.39634153045373,5.47579256483413,4.84480783381271,4.53945822214729,4.49657210421301,4.60222860561278,4.76313853511232,4.93965783192204,5.11769821702841,5.27651440381982
